collectorParent,ae_headOfficeAddress,ae_entityTypeLabel,ae_lei,ae_homeMemberState,Website,Primary Business Model,Focus Areas/Investment Approach,AUM (Original Currency),AUM Source Note
516406-0138,103 38 Stockholm,Investment firm,,SWEDEN,N/A (Placeholder ID),Wealth Manager,N/A,N/A,N/A
Avanza Bank AB,"Box 1399, 111 93 Stockholm",Investment firm,,SWEDEN,www.avanza.se,Robo Advisors,Digital platform focused on cost-efficiency and self-directed saving,N/A,Total Assets: SEK 343.614 Billion (Dec 2024) 1
Bergslagens Sparbank AB,"Box 74, 711 22 Lindesberg",Investment firm,,SWEDEN,www.bergslagenssparbank.se,Wealth Manager,N/A,N/A,Local Sparbank 2
Consensus Asset Management AB,"Box 234, 431 23 Mölndal",Investment firm,,SWEDEN,www.consensusam.se,Asset Manager,N/A,N/A,N/A
Ericsson & Partners Förmögenhetsförvaltning AB,"Norra Vallgatan 70, 211 22 Malmö",Investment firm,,SWEDEN,www.ericssonpartners.com,Wealth Manager,N/A,N/A,N/A
"Nordea Bank AB, Finnish Branch","Hamngatan 10 SE-105 71 Stockholm, Sweden",Investment firm,529900ODI3047E2LIV03,SWEDEN,#N/A,#N/A,N/A,N/A,Branch of Nordea Bank Abp 2
Ability Asset Management Scandinavia Aktiebolag,"Drottninggatan 71, 411 07 Göteborg, Sweden",Investment firm,549300SVES86KMRYW688,SWEDEN,www.abilityam.se,Asset Manager,N/A,N/A,N/A
East Capital Financial Services AB,"Kungsgatan 33, Box 1364 11193 Stockholm",Investment firm,549300FI05DYHTJ4QM91,SWEDEN,www.eastcapital.group,Asset Manager,Active Asset Manager specializing in global Emerging and Frontier equity markets 3,N/A,Specialist Asset Manager
Alpcot AB,"Grev Turegatan 18, 114 46 Stockholm",Investment firm,549300JNZ2D57QBHML12,SWEDEN,www.alpcot.se,Wealth Manager,N/A,N/A,N/A
Safe Return Asset Management Nordic AB,"Box 3244, 103 64 Stockholm",Investment firm,54930007RX775SU5H819,SWEDEN,www.safereturn.se,Asset Manager,N/A,N/A,N/A
Vator Securities AB,"Kungsgatan 10, 111 43 Stockholm",Investment firm,549300FFR8ZVZMZL3Y65,SWEDEN,vatorsecurities.se,Wealth Manager,N/A,N/A,N/A
Säkra Spar AB,"Sturegatan 15, 114 36 Stockholm",Investment firm,549300X0DNUKHT327S67,SWEDEN,www.sakraspar.se,Wealth Manager,N/A,N/A,N/A
Mangold Fondkommission AB,"Engelbrektsplan 2, 114 34 Stockholm",Investment firm,549300GIWCYFWC3THC56,SWEDEN,www.mangold.se,Wealth Manager,N/A,N/A,N/A
MFEX Mutual Funds Exchange AB,"Box 5378, 102 49 Stockholm",Investment firm,5493002P1XNBHSSY3Q29,SWEDEN,www.mfex.com,Asset Manager,N/A,N/A,N/A
Investerum AB,"Karlavägen 108, 115 26 Stockholm",Investment firm,5493008S0C1NNCV8Y088,SWEDEN,www.investerum.com,Asset Manager,N/A,N/A,N/A
CB Asset Management Aktiebolag,"Strandvägen 5 B, 114 51 Stockholm",Investment firm,549300OW8GZUKSGDZF75,SWEDEN,www.cbfonder.se,Asset Manager,N/A,N/A,N/A
Günther & Wikberg Kapitalförvaltning AB,"Kungsgatan 3, 1tr, 111 43 Stockholm",Investment firm,549300DDJSGA38RBYY14,SWEDEN,www.gwkapital.se,Wealth Manager,N/A,N/A,N/A
Garantum Fondkommission Aktiebolag,"Box 7364, 103 90 Stockholm",Investment firm,549300SUPDLSXO6YWJ42,SWEDEN,www.garantum.se,Wealth Manager,N/A,N/A,N/A
IKC Capital AB,"Rundelsgatan 14, 211 36 Malmö",Investment firm,549300KANWUH74ELG813,SWEDEN,www.ikc.se,Asset Manager,N/A,N/A,N/A
Sparbanken Skåne AB,"Box 204, 221 00 Lund",Investment firm,549300JXFHK9ZR8N7I05,SWEDEN,www.sparbanken.se,Wealth Manager,N/A,N/A,Local Sparbank
Länsförsäkringar Bank Aktiebolag,106 50 Stockholm,Investment firm,549300C6TUMDXNOVXS82,SWEDEN,www.lansforsakringar.se,Wealth Manager,Asset allocation focused on Equities and Interest-Bearing instruments 10,SEK 466 Billion,Fund Volumes (Sept 2025) 3
Circle Capital AB,"Platensgatan 5 A, 582 20 Linköping",Investment firm,213800DGIJ51F631HR90,SWEDEN,www.circlecapital.se,Asset Manager,N/A,N/A,N/A
Pareto Securities AB,"Box 7415, 103 91 Stockholm",Investment firm,549300446KJF7NHIXJ61,SWEDEN,www.paretosec.com,Wealth Manager,N/A,N/A,Subsidiary of Pareto Securities AS 2
Placerum Kapitalförvaltning AB,"Skolgatan 64 C, 903 29 Umeå",Investment firm,549300CK1SAAEDYXWE54,SWEDEN,www.placerum.se,Wealth Manager,N/A,N/A,N/A
Ölands Bank AB,"Box 26, 387 21 Borgholm",Investment firm,549300YQPHGOZPRXY653,SWEDEN,www.olandsbank.se,Wealth Manager,N/A,N/A,Local Bank 2
Nordea Investment Management AB,"M 540, 105 71 Stockholm",Investment firm,549300PHQH3Q74O5YT52,SWEDEN,nordeaassetmanagement.com,Asset Manager,"Focus on Fixed Income, Equities; uses Systematic Fixed Income approach",N/A,Nordea Group Asset Manager 2
Redeye AB,"Box 7141, 103 87 Stockholm",Investment firm,549300FBWNT4JV6LO844,SWEDEN,www.redeye.se,Wealth Manager,N/A,N/A,N/A
Indecap AB,"Regeringsgatan 60, 111 56 Stockholm",Investment firm,549300FD2MYRJTMNZG42,SWEDEN,www.indecap.se,Wealth Manager,N/A,N/A,N/A
Skandiabanken Aktiebolag,"Lindhagensgatan 86, 106 55 Stockholm",Investment firm,549300MM2G2LFEPR2M50,SWEDEN,www.skandiabanken.se,Wealth Manager,N/A,SEK 863 Billion,Group Assets Under Management (2024)
Sparbanken Skaraborg AB,"Box 163, 532 22 Skara",Investment firm,529900KHYX5Q5MNOPZ93,SWEDEN,www.sparbankenskaraborg.se,Wealth Manager,N/A,N/A,Local Sparbank 2
Statkraft Financial Energy AB,"Sveavägen 9, 111 57 Stockholm",Investment firm,54930097HE5G32A3ZP26,SWEDEN,www.statkraft.se,Asset Manager,N/A,N/A,N/A
Sparbanken Lidköping AB,"Box 2410, 531 02 Lidköping",Investment firm,549300BHNH83BVDBP321,SWEDEN,www.sparbankenlidkoping.se,Wealth Manager,N/A,N/A,Local Sparbank 2
Sparbanken Rekarne AB,631 93 Eskilstuna,Investment firm,549300QIF0GHM75P0L49,SWEDEN,www.sparbankenrekarne.se,Wealth Manager,N/A,N/A,Local Sparbank 2
Skandinaviska Enskilda Banken AB,106 40 Stockholm,Investment firm,F3JS33DEI6XQ4ZBPTN86,SWEDEN,www.seb.se,Wealth Manager,"Equities, Fixed Income, Alternatives; leverages External Managers expertise via Manager Selection team","SEK 2,664 Billion",Group Total AUM (Dec 2024)
Svenska Handelsbanken AB,"Kungsträdgårdsgatan 2, 106 70 Stockholm",Investment firm,NHBDILHZTYCNBV5UYZ31,SWEDEN,www.handelsbanken.com,Wealth Manager,"Focus on tailored investment solutions, intergenerational wealth transfers, in-house multi asset funds 11",N/A,Universal Bank/Wealth Manager
Swedbank AB,105 34 Stockholm,Investment firm,M312WZV08Y7LYUC71685,SWEDEN,www.swedbank.se,Wealth Manager,"Equities, Fixed Income; uses Systematic/Quantitative approach and proprietary analytical platform",N/A,Universal Bank/Wealth Manager
Svensk Kraftmäkling AB,"Sturegatan 50, 114 36 Stockholm",Investment firm,549300MB1I00PC3H9U60,SWEDEN,www.kraftmakling.se,Wealth Manager,N/A,N/A,N/A
JRS Asset Management AB,"Box 586, 114 11 Stockholm",Investment firm,213800IGL3A63R6G2948,SWEDEN,www.jrsam.se,Family Office,Provides wealth management and advisory; selects competitive instruments from the broader market (implies External Managers),N/A,N/A
Aqurat Fondkommission AB,"Box 7461, 103 92 Stockholm",Investment firm,549300QHMHYHV6PN4S68,SWEDEN,www.aqurat.se,Wealth Manager,N/A,N/A,N/A
SIP Nordic Fondkommission AB,"Kungsgatan 27, 111 56 Stockholm",Investment firm,549300K8ZGR1UGJM1U10,SWEDEN,www.sipnordic.com,Wealth Manager,N/A,N/A,N/A
Partner Fondkommission AB,"Lilla Nygatan 2, 411 09 Göteborg",Investment firm,549300BMVV7VTFX98010,SWEDEN,www.partnerfonder.se,Wealth Manager,N/A,N/A,N/A
Rhenman & Partners Asset Management AB,"Strandvägen 5A, 114 51 Stockholm",Investment firm,549300QQHB16SFVBAB63,SWEDEN,www.rhenmanam.com,Asset Manager,Niche focus on Healthcare Sector; fund portfolio is managed by FundRock (External Manager),N/A,N/A
Sparbanken Sjuhärad AB,"Box 1730, 501 17 Borås",Investment firm,549300Q4JBHBZ2WEQR78,SWEDEN,www.sparbankensjuharad.se,Wealth Manager,N/A,N/A,Local Sparbank 2
Tjustbygdens Sparbank Bankaktiebolag,"Box 322, 593 24 Västervik",Investment firm,529900K9O6WX5AVAKS71,SWEDEN,www.tjustbanken.se,Wealth Manager,N/A,N/A,Local Sparbank 2
Varbergs Sparbank AB,"Box 74, 432 22 Varberg",Investment firm,54930090WWQYS9XTLO26,SWEDEN,www.varbergssparbank.se,Wealth Manager,N/A,N/A,Local Sparbank 2
Vimmerby Sparbank AB,"Box 103, 598 22 Vimmerby",Investment firm,549300MS7X0X1JQ37T80,SWEDEN,www.vimmerbysparbank.se,Wealth Manager,N/A,N/A,Local Sparbank 2
Sparbanken Eken AB,"Brunnsgatan 1, 362 56 Ryd",Investment firm,549300CBEX4GLGFXZA48,SWEDEN,www.sparbankeneken.se,Wealth Manager,N/A,N/A,Local Sparbank 2
Sparbanken Göinge AB,"Box 103, 288 22 Vinslöv",Investment firm,549300FXABFV3K1MNQ36,SWEDEN,www.sparbankengöinge.se,Wealth Manager,N/A,N/A,Local Sparbank 2
Kavaljer AB,"Box 1221, 131 28 Nacka",Investment firm,2138008PG6D1SNTPDL50,SWEDEN,www.kavaljer.se,Asset Manager,N/A,N/A,N/A
Linné Kapitalförvaltning AB,"Kungsgatan 35, 111 56 Stockholm",Investment firm,549300RF3NHNGEGZS086,SWEDEN,www.linnekapital.se,Wealth Manager,N/A,N/A,N/A
Eminova Fondkommission AB,"Biblioteksgatan 3 3tr, 111 46 Stockholm",Investment firm,549300Q65OLJQDCR6033,SWEDEN,www.eminova.se,Wealth Manager,N/A,N/A,N/A
Skandia Investment Management Aktiebolag,"Fack 310 276, 106 54 Stockholm",Investment firm,549300EGQ2E1GMXZAR74,SWEDEN,www.skandia.se,Asset Manager,N/A,N/A,Part of Skandia Group 2
Oscarsson & Engman Capital AB,"Birger Jarlsgatan 20, 114 34 Stockholm",Investment firm,549300BVLKELXWLGHR85,SWEDEN,www.oe-capital.se,Wealth Manager,N/A,N/A,N/A
Gottex Securities AB,"Riddargatan 30, 114 57 Stockholm",Investment firm,549300NUBCPBLVYI6F75,SWEDEN,www.gottex.se,Wealth Manager,N/A,N/A,N/A
Adecla AB,"Sankt Eriksgatan 58, 112 34 Stockholm",Investment firm,54930043KHPOTCBOC774,SWEDEN,www.adecla.se,Wealth Manager,N/A,N/A,N/A
Fair Investments Sweden AB,"Humlegårdsgatan 20, 114 46 Stockholm",Investment firm,549300L0G7O1B2MZWE91,SWEDEN,www.fairinvestments.se,Wealth Manager,N/A,N/A,N/A
ICA Banken AB,"Box 4075, 169 04 Solna",Investment firm,54930000FBL4N1E6OH14,SWEDEN,www.icabanken.se,Wealth Manager,N/A,N/A,N/A
Norron AB,"Box 3054, 103 61 Stockholm",Investment firm,549300797MRPM953BJ78,SWEDEN,www.norron.com,Asset Manager,Nordic Fixed Income and Swedish Equities; actively managed,N/A,N/A
Asia Growth Capital Management AB,"Birger Jarlsgatan 10, 114 34 STOCKHOLM",Investment firm,5299001TB77UHN65AH51,SWEDEN,www.asiacapital.se,Asset Manager,N/A,N/A,N/A
Aktiebolaget Svensk Exportkredit,"Box 194, 101 23 Stockholm",Investment firm,1FOLRR5RWTWWI397R131,SWEDEN,www.sek.se,Asset Manager,N/A,N/A,N/A
Strandberg Kapitalförvaltning AB,"Vävaregatan 21, 222 36 Lund",Investment firm,9845009D9AEM9560DB82,SWEDEN,www.strandbergkapital.se,Wealth Manager,N/A,N/A,N/A
Nordic Archipelago Investments AB,"Box 3100, 103 61 Stockholm",Investment firm,549300G2FQM088IOZ483,SWEDEN,www.nordicarchipelago.se,Asset Manager,N/A,N/A,N/A
Corpura Fondkommission AB,"Artillerigatan 42, 4 tr, 114 45 Stockholm",Investment firm,,SWEDEN,www.corpura.se,Wealth Manager,N/A,N/A,N/A
Lyra Financial Wealth AB,"Hammarby Fabriksväg 25, 120 33 Stockholm",Investment firm,8945000L3AKEHPQK4Z90,SWEDEN,www.lyrafw.com,Wealth Manager,N/A,N/A,N/A
Lysa AB,"Riddargatan 17A, 114 57 Stockholm",Investment firm,5493009C07FMOBT5C026,SWEDEN,www.lysa.se,Robo Advisors,N/A,N/A,Digital wealth management/Robo 2
Västra Hamnen Corporate Finance AB,"Jungmansgatan 12, 211 11 Malmö",Investment firm,,SWEDEN,www.vhcorp.se,Wealth Manager,N/A,N/A,N/A
Evida AB,"Box 193, 201 21 Malmö",Investment firm,5493006TRXPS492OJB76,SWEDEN,www.evida.se,Wealth Manager,N/A,N/A,N/A
Wilton Row Capital AB,"Mailbox 512, Wilton Row, 114 11 Stockholm",Investment firm,549300USX8OM0MQ5CQ77,SWEDEN,www.wiltonrowcapital.com,Wealth Manager,N/A,N/A,N/A
Alfa Invest AB,"Birger Jarlsgatan 2, 114 34 Stockholm",Investment firm,5493005W7NX8YNXU4V37,SWEDEN,www.alfainvest.se,Asset Manager,N/A,N/A,N/A
OQAM AB,"Norra Vallgatan 64, 212 22 Malmö",Investment firm,549300UGSR8PQGIF8355,SWEDEN,www.oqam.se,Asset Manager,N/A,N/A,N/A
BetterWealth FTS AB,"Anckargripsgatan 3, 211 19 Malmö",Investment firm,549300DGN98R0ZLH4P56,SWEDEN,www.betterwealth.se,Wealth Manager,N/A,N/A,N/A
Alnair AB,"Box 7293, 103 90 Stockholm",Investment firm,213800NSS3EIP9IEMK16,SWEDEN,www.alnair.se,Wealth Manager,N/A,N/A,N/A
Entropics Asset Management AB,"Box 5198, 102 44 Stockholm",Investment firm,549300OP685FG13PA922,SWEDEN,www.entropics.se,Asset Manager,N/A,N/A,N/A
Oberon Family Office AB,"Box 55901, 102 16 Stockholm",Investment firm,549300CF8MRBA011TX67,SWEDEN,www.oberonfamily.com,Family Office,N/A,N/A,N/A
SBAB Bank AB,"Box 4209, 171 04 Solna",Investment firm,H0YX5LBGKDVOWCXBZ594,SWEDEN,www.sbab.se,Wealth Manager,N/A,N/A,N/A
Sparbanken Syd,"Box 252, 271 25 Ystad",Investment firm,549300FRBP5L0O1HY885,SWEDEN,www.sparbankensyd.se,Wealth Manager,N/A,N/A,Local Sparbank 2
Nordea Investment Management AB- Sucursal em Portugal,"M540, 105 71, Estocolmo, Suécia",Investment firm,,SWEDEN,#N/A,#N/A,N/A,N/A,Branch of Nordea AM 2
Wictor Family Office AB,"Kaptensgatan 6, 302 45 Halmstad",Investment firm,549300KULHTCGKZVUP07,SWEDEN,wictorfamilyoffice.com,Family Office,N/A,N/A,N/A
TriOptima AB,"Mäster Samuelsgatan 17, 111 44 Stockholm",Investment firm,213800YD7WP4IMB52K89,SWEDEN,www.trioptima.com,Asset Manager,N/A,N/A,N/A
Spotlight Stock Market AB,"Stortorget 3, 211 22 Malmö",Investment firm,54930035ZLP36ALFE803,SWEDEN,www.spotlightstockmarket.com,Wealth Manager,N/A,N/A,N/A
Sparbanken Alingsås AB,"Box 553, 441 16 Alingsås",Investment firm,549300ZK8QS4A5VMTJ24,SWEDEN,www.sparbankenalingsas.se,Wealth Manager,N/A,N/A,Local Sparbank 2
Placing Corporate Finance Sverige AB,"Stortorget 3, 211 22 MALMÖ",Investment firm,,SWEDEN,www.placing.se,Wealth Manager,N/A,N/A,N/A
Protean Funds Scandinavia AB,"Nybrogatan 34, SE-114 39 STOCKHOLM",Investment firm,,SWEDEN,www.proteanfunds.com,Asset Manager,N/A,N/A,N/A
Fondo Solutions AB,"Tegnérgatan 3, 111 40 STOCKHOLM",Investment firm,98450046DA945706C955,SWEDEN,www.fondosolutions.se,Asset Manager,N/A,N/A,N/A
"MFEX MUTUAL FUNDS EXCHANGE AB\, SUCURSAL EN ESPAÑA","Box 5378
 102 49 Stockholm",Investment firm,,SWEDEN,#N/A,#N/A,N/A,N/A,Branch of MFEX 2
Nordic Issuing AB,"Stortorget 3, 211 22 Malmö, Sweden",Investment firm,984500GDE2B75614AC61,SWEDEN,www.nordicissuing.se,Wealth Manager,N/A,N/A,N/A
Coeli European AB,"Box 3317, 103 66, Stockholm",Investment firm,6367009XHKITZJWMYS39,SWEDEN,www.coeli.se,Asset Manager,N/A,N/A,N/A
FE Fonder AB,"Brahegatan 20, 114 27 Stockholm, Sweden",Investment firm,254900LE97BJDUQ65X75,SWEDEN,www.feab.se,Asset Manager,N/A,N/A,N/A
Sirius Asset Management AB,"Kungsportsavenyn 21, 411 36 Göteborg",Investment firm,,SWEDEN,www.siriusam.se,Asset Manager,N/A,N/A,N/A
Coeli Wealth Management AB,"Box 3317, 103 66 Stockholm",Investment firm,549300HYJ8M4BZGBVY86,SWEDEN,www.coeli.se,Wealth Manager,N/A,N/A,N/A
Inverde AB,"Norrlandsgatan 10, 111 43 Stockholm",Investment firm,,SWEDEN,www.inverde.se,Wealth Manager,N/A,N/A,N/A
Vesterhavet Fondkommission AB,"Södra Gubberogatan 20, 416 63 Göteborg",Investment firm,8945009YAQFAGFC03X33,SWEDEN,www.vesterhavet.se,Wealth Manager,N/A,N/A,N/A
Alvine Capital AB,"Riddargatan 18, 114 51 Stockholm",Investment firm,,SWEDEN,www.alvine.se,Asset Manager,N/A,N/A,N/A
AddEqt AB,"Artillerigatan 45, 114 45 Stockholm",Investment firm,,SWEDEN,www.addeqt.se,Wealth Manager,N/A,N/A,N/A
Coeli Frontier Markets AB,"Box 3317, 103 66 Stockholm",Investment firm,5493002TXDWEII6S5J85,SWEDEN,www.coeli.se,Asset Manager,N/A,N/A,N/A
Formue Sverige Aktiebolag,"Nybrogatan 11, 114 39 Stockholm",Investment firm,549300WITRC4ZLCXEC18,SWEDEN,www.formue.se,Wealth Manager,N/A,N/A,N/A
Strivo AB,"Stora Badhusgatan 18-20, 411 21 Göteborg",Investment firm,5493001PRPGL0IF5SB56,SWEDEN,www.strivo.se,Wealth Manager,N/A,N/A,N/A
PAM Capital AB,"Box 3902, 111 74 Stockholm",Investment firm,549300J6HEVOF65BPO02,SWEDEN,www.pamcapital.se,Asset Manager,N/A,N/A,N/A
JLL Transaction Services AB,"Birger Jarlsgatan 25, 111 45 Stockholm",Investment firm,549300C9TFOM1HCI4Z06,SWEDEN,www.jll.se,Wealth Manager,N/A,N/A,N/A
Citroneer AB,"Sankt Eriksgatan 63B, 112 34 STOCKHOLM",Investment firm,984500C9D937X6B55E72,SWEDEN,www.citroneer.se,Wealth Manager,N/A,N/A,N/A
Waizer AB,"Box 24101, 104 51 Stockholm",Investment firm,549300VO0O35KB1EH823,SWEDEN,www.waizer.se,Asset Manager,N/A,N/A,N/A
Evisens Securities Services AB,"Sankt Eriksgatan 63b, 112 34 Stockholm",Investment firm,549300O897ZC5H7CY412,SWEDEN,www.evisens.se,Wealth Manager,N/A,N/A,N/A
SEB Asset Management AB,"106 40, Stockholm",Investment firm,636700T8J1SH8CJK3J75,SWEDEN,www.sebgroup.com,Asset Manager,N/A,N/A,Part of SEB Group AM
Brock Milton Capital AB,"Box 3317, 103 66 Stockholm",Investment firm,549300KF5F0XOZQNHP75,SWEDEN,www.brockmilton.com,Asset Manager,N/A,N/A,N/A
Max Matthiessen Värdepapper AB,"Lästmakargatan 22, 114 89 Stockholm",Investment firm,549300J0U7C8RDJRQX84,SWEDEN,www.maxm.se,Independent Financial Advisors,"Pensions, Insurance, Investment Advisory; strengthened sustainable fund offering via External Partner (Qblue)",N/A,"Focus on independent advice, pensions, and insurance"
Truepenny Capital Management AB,"Katarinavägen 9, 116 45 Stockholm",Investment firm,6367002YMQ4ZL8AA3208,SWEDEN,www.truepenny.se,Asset Manager,N/A,N/A,N/A
Redeye Capital AB,"Mäster Samuelsgatan 42, 111 57 Stockholm",Investment firm,636700THZITHJPXGXA27,SWEDEN,www.redeyecapital.se,Wealth Manager,N/A,N/A,N/A
B & P Fund Services Aktiebolag,"Box 7030, 103 86 Stockholm",Investment firm,213800FBGFOGDD3MTJ35,SWEDEN,www.bnp-fs.se,Asset Manager,N/A,N/A,N/A
Fidante Partners AB,"Kungsgatan 8, 111 43 Stockholm",Investment firm,635400EWBPDK5VTKLF22,SWEDEN,www.fidante.com,Asset Manager,N/A,N/A,N/A
Söderberg & Partners Wealth Management AB,"Box 7785, 103 96 Stockholm",Investment firm,549300GC21INBQ4L7O39,SWEDEN,www.soderbergpartners.se,Independent Financial Advisors,Uses systematic process to construct asset allocations; implements via funds selected through a high conviction manager selection process 12,EUR 91 Billion,Group AUM/AUA (2024) 4
Svensk Värdepappersservice i Stockholm AB,"Grev Turegatan 14 4tr, 114 46 Stockholm",Investment firm,5493003LOF4HUOENM545,SWEDEN,www.svenskvardepappersservice.se,Wealth Manager,N/A,N/A,N/A
Bergs Securities AB,"Vallhallavägen 124, 114 41 Stockholm",Investment firm,549300G4CQJMNBDGI305,SWEDEN,www.bergs.se,Wealth Manager,N/A,N/A,N/A
Circulus Asset Management AB,"Box 3317, 103 66 Stockholm",Investment firm,6367000VNHK2WKOB6B51,SWEDEN,www.circulusam.se,Asset Manager,N/A,N/A,N/A
Nordnet Bank AB,"Box 30099, 104 25 Stockholm",Investment firm,549300JSC82O1L4XV837,SWEDEN,www.nordnet.se,Robo Advisors,"Digital platform offering Equity, Bonds, and cash equivalents; employs a disciplined, systematic approach to asset allocation/rebalancing",N/A,Total Assets: SEK 232.54 Billion (2021) 5
Humle Fonder AB,"Riddargatan 23, 2tr - 114 57 Stockholm - Sweden",Investment firm,5493009KL3VM5M7SB986,SWEDEN,www.humlefonder.se,Asset Manager,N/A,N/A,N/A
ABG Sundal Collier AB,"Regeringsgatan 25, 111 53 Stockholm",Investment firm,549300FMOYCQNLVRRP95,SWEDEN,www.abgsc.com,Wealth Manager,N/A,N/A,N/A
Nyhavn Capital AB,"Kungsgatan 64, 111 22 Stockholm",Investment firm,549300Z13FLNFBQX7333,SWEDEN,www.nyhavncapital.se,Asset Manager,N/A,N/A,N/A
"Nordea Investment Management AB\, Denmark\, filial af Nordea Investment Management AB\, Sverige",,Investment firm,,SWEDEN,#N/A,#N/A,N/A,N/A,Branch of Nordea AM 2
Falkenbergs Sparbank AB,"Box 32, 311 21 Falkenberg, Sweden",Investment firm,636700BWWNKEC5ETZ442,SWEDEN,www.falkenbergssparbank.se,Wealth Manager,N/A,N/A,Local Sparbank 2
Säkra VP AB,"Box 7161, 103 88 Stockholm",Investment firm,549300FG27OKLK8H5G86,SWEDEN,www.sakravp.se,Wealth Manager,N/A,N/A,N/A
SKANDINAVISKA ENSKILDA BANKEN AB OSLOFILIALEN norsk avdeling av utenlandsk foretak NUF,Kungsträdgårdsgatan 8 Stockholm,Investment firm,,SWEDEN,www.seb.no,Wealth Manager,N/A,N/A,Norwegian branch of SEB 2
SWEDBANK AB NUF,Landsvagen 40 105 34 Stockholm,Investment firm,,SWEDEN,www.swedbank.no,Wealth Manager,N/A,N/A,Norwegian branch of Swedbank 2
SVENSKA HANDELSBANKEN AB NUF,Kungsträdgårdsgatan 2 Stockholm,Investment firm,NHBDILHZTYCNBV5UYZ31,SWEDEN,www.handelsbanken.no,Wealth Manager,N/A,N/A,Norwegian branch of Handelsbanken 2
NORDEA INVESTMENT MANAGEMENT AB NUF,Regeringsgatan 59 G131105 71 Stockholm,Investment firm,,SWEDEN,nordeaassetmanagement.com,Asset Manager,N/A,N/A,Norwegian branch of Nordea AM 2
NORDNET BANK NUF,Box 30099 Stockholm,Investment firm,,SWEDEN,www.nordnet.no,Robo Advisors,N/A,N/A,Norwegian branch of Nordnet 2
PARETO SECURITIES AB NUF,"Box 7415, Berzelii Park 9SE -103 91 Stockholm",Investment firm,,SWEDEN,www.paretosec.com,Wealth Manager,N/A,N/A,Swedish branch of Pareto Securities 2
NORRON AB,,Investment firm,,SWEDEN,www.norron.com,Asset Manager,N/A,N/A,N/A
SAVR AB,"Engelbrektsgatan 7, 2tr, 114 32 Stockholm",Investment firm,636700RWYIJPQZ95O856,SWEDEN,www.savr.com,Robo Advisors,,Digital fund platform/Robo service 2,N/A
Stockholm Corporate Finance AB,"Birger Jarlsgatan 32 A, 114 29 Stockholm",Investment firm,549300RHWXGEVOPFMQ03,SWEDEN,www.stockholmcorp.se,Wealth Manager,N/A,N/A,N/A
Opti Sverige AB,"Vasagatan 15, plan 3, 111 20 Stockholm",Investment firm,549300UXRVQ86UT8O386,SWEDEN,www.opti.se,Robo Advisors,N/A,N/A,Digital wealth management/Robo 2
"Nordea Investment Management AB\, German Branch","M 540,105 71,Stockholm,SE",Investment firm,,SWEDEN,#N/A,#N/A,N/A,N/A,Branch of Nordea AM 2
Meriti Stiftelsetjänst AB,"Box 5390, 402 28 Göteborg",Investment firm,549300Y8ZX6716L5AZ68,SWEDEN,meriticapital.se,Asset Manager,"Employs a clearly defined, systematic investment approach based on quantitative analytical models 6",N/A,Focus on quantitative portfolio management 6
FoF Family Asset Management AB,"c/o FoF Family Office, Box 5365, 402 28 Göteborg",Investment firm,984500D60CB98D1E8857,SWEDEN,www.fof.se,Family Office,N/A,N/A,N/A
DNB Carnegie Investment Bank AB,"103 38, Stockholm Sweden",Investment firm,529900BR5NZNQZEVQ417,SWEDEN,www.dnb.no,Wealth Manager,N/A,N/A,Part of DNB Group (Investment Banking/WM) 2
"SVENSKA HANDELSBANKEN AB\, LUXEMBOURG BRANCH",,Investment firm,,SWEDEN,#N/A,#N/A,N/A,N/A,Luxembourg branch of Handelsbanken 2
SKANDINAVISKA ENSKILDA BANKEN AB LUXEMBOURG BRANCH,,Investment firm,,SWEDEN,#N/A,#N/A,N/A,N/A,Luxembourg branch of SEB 2
"DNB Bank ASA\, filial Sverige",Konsernjuridisk Kirkegt 15 8 etg Oslo,Investment firm,,NORWAY,#N/A,#N/A,N/A,N/A,Swedish branch of DNB 2
"ICAP ENERGY AS\, SUCURSAL EN ESPAÑA",Storetveitvegen 96 5072 Bergen Norway,Investment firm,,NORWAY,#N/A,#N/A,N/A,N/A,Spanish branch of ICAP Energy 2
NEF KAPITALFORVALTNING AS,Munkedamsveien 45 0250 OSLO,Investment firm,549300B2KZ06ZUALLM05,NORWAY,www.nef.no,Asset Manager,N/A,N/A,N/A
"PARETO SECURITIES\, DANMARK\, FILIAL AF PARETO SECURITIES AS\, NORGE",,Investment firm,,NORWAY,#N/A,#N/A,N/A,N/A,Danish branch of Pareto Securities 2
ABG SUNDAL COLLIER ASA,Ruseløkkveien 26 0251 OSLO,Investment firm,2138005DRCU66B8BNY04,NORWAY,www.abgsc.com,Wealth Manager,N/A,N/A,N/A
SECTOR CAPITAL AS,Kristian Augusts gate 15C 0164 OSLO,Investment firm,635400JU8JQ788Z5RQ40,NORWAY,www.sector.no,Asset Manager,N/A,N/A,N/A
SPAREBANK 1 ØSTLANDET,Strandgata 15 2317 HAMAR,Investment firm,549300VRM6G42M8OWN49,NORWAY,www.sparebank1.no,Wealth Manager,N/A,N/A,Local Sparbank/Wealth Manager 2
SPAREBANK 1 SMN,Søndre gate 4 7011 TRONDHEIM,Investment firm,7V6Z97IO7R1SEAO84Q32,NORWAY,www.sparebank1.no,Wealth Manager,N/A,N/A,Local Sparbank/Wealth Manager 2
CLARKSONS SECURITIES AS,Munkedamsveien 62C 0270 OSLO,Investment firm,5967007LIEEXZXA40G44,NORWAY,www.clarksons.com,Wealth Manager,N/A,N/A,N/A
SPAREBANK 1 HELGELAND,Jernbanegata 15 8622 MO I RANA,Investment firm,5967007LIEEXZX6OK028,NORWAY,www.sparebank1.no,Wealth Manager,N/A,N/A,Local Sparbank/Wealth Manager 2
FEARNLEY SECURITIES AS,Dronning Eufemias gate 8 0191 OSLO,Investment firm,5967007LIEEXZX6W9S34,NORWAY,www.fearnleysecurities.com,Wealth Manager,N/A,N/A,N/A
PARETO SECURITIES AS,Dronning Mauds gate 3 0250 OSLO,Investment firm,549300H0QDQHRJXRM779,NORWAY,www.paretosec.com,Wealth Manager,"Focus on Equities, Fixed Income, special funds; fundamental investment philosophy",NOK 120 Billion,AM Subsidiary AUM 7
SPAREBANK 1 NORD-NORGE,Storgata 65 9008 TROMSØ,Investment firm,549300SXM92LQ05OJQ76,NORWAY,www.sparebank1.no,Wealth Manager,N/A,N/A,Local Sparbank/Wealth Manager 2
NORCAP AS,Vollsveien 19 1366 LYSAKER,Investment firm,549300KKF90PR16SX010,NORWAY,www.norcap.no,Wealth Manager,N/A,N/A,N/A
BERGEN CAPITAL MANAGEMENT AS,C. Sundts gate 37 5004 BERGEN,Investment firm,2138005I443DGTD2RC28,NORWAY,www.bergenkapital.no,Asset Manager,N/A,N/A,N/A
GRIEG INVESTOR AS,Bryggegata 6 0250 OSLO,Investment firm,254900WAJJNJH7EMLJ82,NORWAY,www.grieginvestor.no,Asset Manager,N/A,N/A,N/A
ICAP ENERGY AS,Fantoftvegen 2 5072 BERGEN,Investment firm,549300ESJXOU0F7S8014,NORWAY,www.icap.com,Wealth Manager,N/A,N/A,N/A
CONNECTUM CAPITAL MANAGEMENT AS,Karenslyst allé 4 0278 OSLO,Investment firm,549300P5Y4XBMZE0UA21,NORWAY,www.connectum.no,Wealth Manager,N/A,N/A,N/A
SWISS LIFE ASSET MANAGERS TRANSACTIONS AS,Haakon VIIs gate 1 0161 OSLO,Investment firm,254900PY8WUXLZ6DGO18,NORWAY,www.swisslife-am.com,Asset Manager,N/A,N/A,N/A
INDUSTRIFINANS KAPITALFORVALTNING AS,Oscars gate 30 0352 OSLO,Investment firm,549300D7KQYT1Q6PJU91,NORWAY,www.industrifinans.no,Asset Manager,N/A,N/A,N/A
INDUSTRIFINANS DIREKTE INVESTERINGER AS,Oscars gate 30 0352 OSLO,Investment firm,549300N0Y4YN4LMJPI94,NORWAY,www.industrifinans.no,Asset Manager,N/A,N/A,N/A
HYDRO KAPITALFORVALTNING AS,Drammensveien 264 0283 OSLO,Investment firm,549300RP3O5OZ8JQES53,NORWAY,N/A (Captive AM),Asset Manager,N/A,N/A,Captive manager for Norsk Hydro
NORNE SECURITIES AS,Jonsvollsgaten 2 5011 BERGEN,Investment firm,5299001YA7DD6CGPIF92,NORWAY,www.norne.no,Wealth Manager,N/A,N/A,N/A
ALPHA CORPORATE FINANCE AS,Tjuvholmen allé 19 0252 OSLO,Investment firm,54930061YTHT5FJNF348,NORWAY,www.alphacorp.no,Wealth Manager,N/A,N/A,N/A
CENZIA AS,Ruseløkkveien 34 0251 OSLO,Investment firm,549300MNHZBR26DJ4J86,NORWAY,www.cenzia.no,Wealth Manager,N/A,N/A,N/A
SECTOR THETA AS,Kristian Augusts gate 15C 0164 OSLO,Investment firm,635400HLF68VROC6H145,NORWAY,www.sector.no,Asset Manager,N/A,N/A,N/A
ARCTIC ASSET MANAGEMENT AS,Haakon VIIs gate 5 0161 OSLO,Investment firm,5967007LIEEXZX9G3C87,NORWAY,www.arctic.com,Asset Manager,N/A,N/A,N/A
FINANSCO AS,Drammensveien 123 0277 OSLO,Investment firm,549300CZ2RMXDN203863,NORWAY,www.finansco.no,Wealth Manager,N/A,N/A,N/A
HAUSTA KAPITALFORVALTNING AS,Løkkeveien 109 4007 STAVANGER,Investment firm,549300H79QVW47GWGN30,NORWAY,www.hausta.no,Asset Manager,N/A,N/A,N/A
STAVANGER ASSET MANAGEMENT AS,Nedre Holmegate 30 4006 STAVANGER,Investment firm,549300BTSN4VTZQ6WE59,NORWAY,www.stavangeram.no,Asset Manager,N/A,N/A,N/A
HORISONT KAPITALFORVALTNING AS,Drammensveien 43 0271 OSLO,Investment firm,549300MJWLQYA5VQDC46,NORWAY,www.horisontkapital.no,Asset Manager,N/A,N/A,N/A
FOKUS KAPITALFORVALTNING AS,Kristianplass 2 6010 ÅLESUND,Investment firm,549300IQ4PNOSPSY5023,NORWAY,www.fokuskapitalforvaltning.no,Asset Manager,N/A,N/A,N/A
REALKAPITAL FINANS AS,"c/o Realkapital Investor AS
 Kronprinsesse Märthas plass 1 0160 OSLO",Investment firm,894500EXO5T589TKDV32,NORWAY,www.realkapital.no,Wealth Manager,N/A,N/A,N/A
FOLKEINVEST AS,Beddingen 14 7042 TRONDHEIM,Investment firm,894500B60R1RTO3WXF68,NORWAY,www.folkeinvest.no,Wealth Manager,N/A,N/A,N/A
HWH ENERGIMEGLING AS,Strandkaien 18 5013 BERGEN,Investment firm,5493007XYZ2JJXPD8G83,NORWAY,https://www.hwh.no/,Wealth Manager,N/A,N/A,N/A
NJORD KAPITALFORVALTNING AS,"c/o Ajer næringshage
 Aluvegen 95 2319 HAMAR",Investment firm,254900HYTXR1WZVJLL97,NORWAY,www.njordkapital.no,Asset Manager,N/A,N/A,N/A
BTIG NORWAY AS,Haakon VIIs gate 2 0161 OSLO,Investment firm,213800WAVVOPS85N2205,NORWAY,www.btig.com,Wealth Manager,N/A,N/A,N/A
PENSUM ASSET MANAGEMENT AS,Frøyas gate 15 0273 OSLO,Investment firm,9845007D5C6B7E99TF13,NORWAY,www.pensum.no,Asset Manager,N/A,N/A,N/A
ONTOGENY CORPORATE FINANCE AS,Klingenberggata 7B 0161 OSLO,Investment firm,984500D1EAT4Y9B79D30,NORWAY,www.ontogeny.no,Wealth Manager,N/A,N/A,N/A
FUNDINGPARTNER SECURITIES AS,Gaustadalléen 21 0349 OSLO,Investment firm,549300DD61UIPB5X2592,NORWAY,www.fundingpartner.no,Wealth Manager,N/A,N/A,N/A
AK JENSEN NORWAY AS,Bolette brygge 1 0252 OSLO,Investment firm,213800P6PW4AOVYZ8K05,NORWAY,www.akjensen.com,Asset Manager,N/A,N/A,N/A
INVESTTECH COM AS,Strandveien 17 1366 LYSAKER,Investment firm,549300XXQZVTITRZRW44,NORWAY,www.investtech.com,Wealth Manager,N/A,N/A,N/A
CLARKSONS PROJECT FINANCE AS,Munkedamsveien 62C 0270 OSLO,Investment firm,254900FIEOUGOY9GLV31,NORWAY,www.clarksons.com,Wealth Manager,N/A,N/A,N/A
ORO FINANS AS,"c/o Oro Prosjekt AS
 Madserud allé 34 0274 OSLO",Investment firm,5493005VZPJDW372V168,NORWAY,www.orofinans.no,Wealth Manager,N/A,N/A,N/A
NORSELAB INVESTMENT MANAGEMENT AS,Nedre Slottsgate 5 0157 OSLO,Investment firm,984500X54D00F5EE8F24,NORWAY,www.norselab.com,Asset Manager,N/A,N/A,N/A
ARCTIC SECURITIES AS,Haakon VIIs gate 5 0161 OSLO,Investment firm,5967007LIEEXZX4RVS72,NORWAY,www.arctic.com,Wealth Manager,N/A,N/A,N/A
VIDEN AS,Olav Tryggvasons gate 40 7011 TRONDHEIM,Investment firm,6367000QZKSDJLUF6527,NORWAY,www.viden.no,Wealth Manager,N/A,N/A,N/A
DNB BANK ASA,Dronning Eufemias gate 30 0191 OSLO,Investment firm,549300GKFG0RYRRQ1414,NORWAY,www.dnb.no,Wealth Manager,Works systematically through the advisory process; offers funds from DNB and reputable international suppliers,N/A,Largest Norwegian financial group 2
STOLT KAPITALFORVALTNING AS,Lars Hertervigs gate 3 4005 STAVANGER,Investment firm,549300F1IHVCKMQONP88,NORWAY,stoltkapital.no,Asset Manager,N/A,N/A,Specialized Asset Manager
SPAREBANK 1 FORVALTNING AS,Hammersborggata 2 0181 OSLO,Investment firm,636700O5KHWRB0NTUG07,NORWAY,www.sparebank1.no,Asset Manager,"Active, responsible, value-oriented, long-term philosophy",N/A,Asset management arm of SpareBank 1 Group 2
NEXT KAPITALFORVALTNING AS,Leif Weldings vei 16 3208 SANDEFJORD,Investment firm,5493003LQG7Y59SWNT49,NORWAY,nextkapital.no,Asset Manager,N/A,N/A,Specialized Asset Manager
"Pareto Securities AS\, Zweigniederlassung Frankfurt/M.","Dronning Mauds gate 3,0115,Oslo,NO",Investment firm,,NORWAY,#N/A,#N/A,N/A,N/A,German branch of Pareto Securities 2
CHRISTIANIA SECURITIES AS,C. J. Hambros plass 2C 0164 OSLO,Investment firm,5493001DLG1FWKNCS637,NORWAY,www.christiania.no,Wealth Manager,N/A,N/A,N/A
FAZENDA SECURITIES AS,Bryggegata 9 0250 OSLO,Investment firm,894500USAIWX543YQ784,NORWAY,N/A,Wealth Manager,N/A,N/A,No public website for financial entity
OSLO FINANS AS,Olav Vs gate 5 0161 OSLO,Investment firm,549300HQE06TASRT8T08,NORWAY,www.oslofinans.no,Wealth Manager,N/A,N/A,N/A
"Arctic Securities AS\, filial Sverige","Postboks 1833 Vika, 0123 Oslo, Norway",Investment firm,,NORWAY,#N/A,#N/A,N/A,N/A,Swedish branch of Arctic Securities 2
"Arctic Asset Management AS\, Stockholm Filial","Haakon VIIs gate 5, P.O. Box 1833 Vika, NO-0161 Oslo",Investment firm,,NORWAY,#N/A,#N/A,N/A,N/A,Swedish branch of Arctic AM 2
Volue Market Services Sverige Filial,"Langbryggen 9, Postboks 62, NO-4801 Arendal",Investment firm,,NORWAY,www.volue.com,Wealth Manager,N/A,N/A,Swedish branch of Volue 2
"NRP Project Finance AS\, filial i Sverige","Haakon VIIs gate 1, 0161 Oslo, Norway",Investment firm,,NORWAY,#N/A,#N/A,N/A,N/A,Swedish branch of NRP 2
"Swiss Life Asset Managers Transactions AS\, filial i Sverige","Haakon VIIs gate 1, 0161 Oslo",Investment firm,,NORWAY,#N/A,#N/A,N/A,N/A,Swedish branch of Swiss Life AM 2
FIXRATE CAPITAL AS,Hamnegata 20 7714 STEINKJER,Investment firm,984500F8ED73A0E7T641,NORWAY,www.fixrate.no,Asset Manager,N/A,N/A,N/A
GENERA AS,Bolette brygge 1 0252 OSLO,Investment firm,894500BFEKCLXVOI9G15,NORWAY,N/A,Wealth Manager,N/A,N/A,No current public website 8
COLLIERS NORWAY AS,Tjuvholmen allé 3 0252 OSLO,Investment firm,529900MNSXIPIF5F1S60,NORWAY,www.colliers.no,Wealth Manager,N/A,N/A,N/A
PROPCAP AS,Dronning Mauds gate 3 0250 OSLO,Investment firm,549300XRJUS4LQLQNU74,NORWAY,www.propcap.no,Asset Manager,N/A,N/A,N/A
FENDR PROJECT FINANCE AS,Dronning Eufemias gate 16 0191 OSLO,Investment firm,1595NIEQBLLY63UX2S13,NORWAY,www.fendr.no,Wealth Manager,N/A,N/A,N/A
HUDDLESTOCK INVESTOR SERVICES AS,Kanalsletta 2 4033 STAVANGER,Investment firm,2549001FTBQG3EOUC213,NORWAY,N/A,Wealth Manager,N/A,N/A,N/A
NAVUS FORVALTNING AS,"c/o B7 Kontorsenter AS
 Bogstadveien 7A 0355 OSLO",Investment firm,2138001VL4VHHHTJTA53,NORWAY,N/A,Asset Manager,N/A,N/A,N/A
VOLUE ENERGY MARKET SERVICES AS,Langbryggen 9 4841 ARENDAL,Investment firm,213800MZ412TC3WMLB35,NORWAY,www.volue.com,Wealth Manager,N/A,N/A,N/A
"Arctic Securities AS\, Branch Germany","Haakon VIIs gt. 5,0161,Oslo,NO",Investment firm,,NORWAY,#N/A,#N/A,N/A,N/A,German branch of Arctic Securities 2
GABLER INVESTMENTS AS,Solheimsgaten 7E 5058 BERGEN,Investment firm,894500TY9MU7NQRI4V15,NORWAY,www.gabler.no,Asset Manager,N/A,N/A,N/A
NORDIC TRUSTEE SERVICES AS,Kronprinsesse Märthas plass 1 0160 OSLO,Investment firm,5493004YN9S49G6IPL25,NORWAY,www.nordictrustee.com,Asset Manager,N/A,N/A,N/A
PRIZE CAPITAL MARKETS AS,Parkveien 53B 0256 OSLO,Investment firm,549300PMMYIFWULW4S65,NORWAY,N/A,Wealth Manager,N/A,N/A,N/A
NORSELAB CREDIT MANAGEMENT AS,Nedre Slottsgate 5 0157 OSLO,Investment firm,984500DF7E7B92FA8A04,NORWAY,www.norselab.com,Asset Manager,N/A,N/A,N/A
ALPHASPAR AS,Trondhjemsvegen 6C 2821 GJØVIK,Investment firm,54930045J7WPXLYRX789,NORWAY,www.alphaspar.no,Wealth Manager,N/A,N/A,N/A
CARN CAPITAL AS,St. Olavs gate 24 0166 OSLO,Investment firm,254900I3RGLXIZHQCB25,NORWAY,www.carncapital.com,Asset Manager,N/A,N/A,N/A
VERTU KAPITALFORVALTNING AS,Munkedamsveien 45D 0250 OSLO,Investment firm,254900WZJK52G26B2N42,NORWAY,N/A,Asset Manager,N/A,N/A,N/A
REQ Sweden filial,"Øvre Vollgate 9, 0158 Oslo, Norway",Investment firm,,NORWAY,www.req.no,Wealth Manager,N/A,N/A,Swedish branch of REQ 2
EQURO ISSUER SERVICES AS,Billingstadsletta 13 1396 BILLINGSTAD,Investment firm,6367005P4D1VRKCB0O07,NORWAY,N/A,Asset Manager,N/A,N/A,N/A
CAPGUARD ASSET MANAGEMENT AS,Haakon VIIs gate 1 0161 OSLO,Investment firm,254900BYEZ88HZQOU884,NORWAY,www.capguard.no,Asset Manager,N/A,N/A,N/A
PROCORP AS,Grundingen 2 0250 OSLO,Investment firm,9845009C9A664E504207,NORWAY,www.procorp.no,Wealth Manager,N/A,N/A,N/A
CYRUS CORPORATE FINANCE AS,Parkveien 57 0256 OSLO,Investment firm,8945008ZHT0895TH8439,NORWAY,N/A,Wealth Manager,N/A,N/A,N/A
SPAREBANK 1 SØR-NORGE ASA,Christen Tranes gate 35 4007 STAVANGER,Investment firm,549300Q3OIWRHQUQM052,NORWAY,www.sparebank1.no,Wealth Manager,"Funds/Savings in Equities, Interest or combination funds",N/A,Local Sparbank/Wealth Manager 2
STOREBRAND BANK ASA,Professor Kohts vei 9 1366 LYSAKER,Investment firm,5967007LIEEXZX6Q3K70,NORWAY,www.storebrand.no,Wealth Manager,N/A,N/A,N/A
CLEAVES SECURITIES AS,"c/o Spaces
 Nydalsveien 33 0484 OSLO",Investment firm,529900K9GWYNEGBV2M37,NORWAY,www.cleaves.no,Wealth Manager,N/A,N/A,N/A
LEVANTOR ADVISORY AS,"c/o Permian
 Hieronymus Heyerdahls gate 1 0160 OSLO",Investment firm,894500G7PQB916FA1841,NORWAY,N/A,Wealth Manager,N/A,N/A,N/A
SOGNE STRATEGIES NORWAY AS,Oscars gate 27 0352 OSLO,Investment firm,9845001594B81QD06D06,NORWAY,N/A,Asset Manager,N/A,N/A,N/A
GERSEMI ASSET MANAGEMENT AS,Strandveien 50 1366 LYSAKER,Investment firm,254900U36PRSF6PZTW40,NORWAY,N/A,Asset Manager,N/A,N/A,N/A
REALNOR PROSJEKTFINANS AS,Haakon VIIs gate 1 0161 OSLO,Investment firm,636700SHLATE79HP3247,NORWAY,N/A,Wealth Manager,N/A,N/A,N/A
NEWSEC INVESTMENT MANAGEMENT AS,Olav Vs gate 5 0161 OSLO,Investment firm,98450094X81A11C1BB68,NORWAY,https://newsecim.no/en/newsec-im,Asset Manager,N/A,N/A,N/A
PROBITAS PARTNERS (EUROPE) AS,"c/o Haakon Gresvig
 President Harbitz' gate 21 0259 OSLO",Investment firm,984500BF46CB00848B87,NORWAY,N/A,Wealth Manager,N/A,N/A,N/A
FXC AS,Klingenberggata 7 0161 OSLO,Investment firm,89450060Y8CIFIETFX28,NORWAY,N/A,Wealth Manager,N/A,N/A,N/A
SPAREBANKEN NORGE,Jonsvollsgaten 2 5011 BERGEN,Investment firm,213800M7T3CYVZ3ZRT12,NORWAY,www.sparebanken.no,Wealth Manager,N/A,N/A,Local Sparbank/Wealth Manager 2
SYDVESTOR AS,Sjøgata 41 6065 ULSTEINVIK,Investment firm,549300O1X7NEUCWY7P33,NORWAY,N/A,Asset Manager,N/A,N/A,N/A
SPAREBANKEN MØRE,Parkgata 2 6003 ÅLESUND,Investment firm,5967007LIEEXZX5PU005,NORWAY,www.sbm.no,Wealth Manager,N/A,N/A,Local Sparbank/Wealth Manager 2
NORION EIENDOMSKAPITAL AS,Havnegata 9 7010 TRONDHEIM,Investment firm,9845006MC5468ED60705,NORWAY,N/A,Asset Manager,N/A,N/A,N/A
STACK BY ME AS,Kanalgata 60 3263 LARVIK,Investment firm,984500B7B39YO5C7C658,NORWAY,N/A,Wealth Manager,N/A,N/A,N/A
NRP PROJECT FINANCE AS,Drammensveien 88B 0271 OSLO,Investment firm,2549005LYWO0CN6W8C17,NORWAY,www.nrp.no,Wealth Manager,N/A,N/A,N/A
SÖDERBERG & PARTNERS WEALTH MANAGEMENT AS,Ruseløkkveien 30 0251 OSLO,Investment firm,54930073FSKXZ3GHUO06,NORWAY,www.soderbergpartners.no,Independent Financial Advisors,N/A,N/A,Norwegian branch of Söderberg & Partners
FORMUE NORGE AS,Henrik Ibsens gate 53 0255 OSLO,Investment firm,549300KW8UGXZ5QYQS79,NORWAY,www.formue.no,Wealth Manager,N/A,N/A,N/A
KRAFT FINANS AS,Trim TowersLarsamyrå 18 4313 SANDNES,Investment firm,5493002NIZQB6SKOCC52,NORWAY,www.kraftfinans.no,Wealth Manager,N/A,N/A,N/A
NORSE SECURITIES AS,9. etasjeKlingenberggata 7A 0161 OSLO,Investment firm,5493004ZMRXIGBTO0550,NORWAY,N/A,Wealth Manager,N/A,N/A,N/A
DEALFLOW AS,c/o StartupLabSolheimsgaten 7C 5058 BERGEN,Investment firm,549300MJSS1OUD1MYZ47,NORWAY,www.dealflow.no,Wealth Manager,N/A,N/A,N/A
VALIDUS EUROPE AS,Slemdalsveien 70A 0370 OSLO,Investment firm,213800MVYFNQ8ZLR1U75,NORWAY,N/A,Wealth Manager,N/A,N/A,N/A
SVELLAND CAPITAL (NORWAY) AS,Henrik Ibsens gate 100 0255 OSLO,Investment firm,2138004IFF6FVME3JV21,NORWAY,N/A,Asset Manager,N/A,N/A,N/A
NJORD SECURITIES AS,Cort Adelers gate 30 0254 OSLO,Investment firm,549300OWG62P64QI9810,NORWAY,N/A,Wealth Manager,N/A,N/A,N/A
"SB1 Markets\, filial i Sverige","Olav Vs gate 5, 0161 Oslo, Norway",Investment firm,,NORWAY,#N/A,#N/A,N/A,N/A,Swedish branch of SB1 Markets 2
SPAREBANK 1 SOGN OG FJORDANE,Langebruvegen 12 6800 FØRDE,Investment firm,5967007LIEEXZX8UHK11,NORWAY,www.sparebank1.no,Wealth Manager,N/A,N/A,Local Sparbank/Wealth Manager 2
NORGESINVESTOR FORMUESFORVALTNING AS,Dronning Mauds gate 3 0250 OSLO,Investment firm,5493006VJQOLK4XNHD84,NORWAY,N/A,Asset Manager,N/A,N/A,N/A
SB1 MARKETS AS,Olav Vs gate 5 0161 OSLO,Investment firm,5967007LIEEXZX5AEG57,NORWAY,www.sparebank1.no/markeder,Wealth Manager,N/A,N/A,Part of SpareBank 1 Group 2
BEAUFORT AS,Hamborgveien 24 0860 OSLO,Investment firm,54930085A4XRN0QBYQ71,NORWAY,N/A,Asset Manager,N/A,N/A,N/A
CODA PARTNERS AS,"c/o Gamma Capital AS
 Abbedikollen 10 0280 OSLO",Investment firm,984500941515F70DAV33,NORWAY,N/A,Asset Manager,N/A,N/A,N/A
ABG Sundal Collier ASA Niederlassung Frankfurt am Main,"Ruseløkkveien 26,0251,Oslo,NO",Investment firm,,NORWAY,www.abgsc.com,Wealth Manager,N/A,N/A,German branch of ABG Sundal Collier 2
AK Jensen Limited,"Bolette brygge 1, 0252, Oslo",Investment firm,,NORWAY,www.akjensen.com,Asset Manager,N/A,N/A,N/A
"Ålandsbanken Abp(Finland)\,svensk filial","Nygatan 2, 22100 Mariehamn",Investment firm,,FINLAND,#N/A,#N/A,N/A,N/A,Swedish branch of Bank of Åland Plc 2
eQ Asset Management Ltd,"Aleksanterinkatu 19 A, 5 krs, 00100 HELSINKI, Finland",Investment firm,743700V8NFLW66YKYD58,FINLAND,www.eq.fi,Asset Manager,N/A,N/A,N/A
OP Asset Management Ltd,"Eteläesplanadi 12, , Finland",Investment firm,549300FVFD5HBP6XE830,FINLAND,www.op.fi,Asset Manager,N/A,N/A,Asset management arm of OP Group 2
Icecapital Securities Ltd,"Kirjatalo, Keskuskatu 1 A, 4. krs., 00100 HELSINKI, Finland",Investment firm,74370088JZFDUF65GP77,FINLAND,www.icecapital.fi,Wealth Manager,N/A,N/A,N/A
WIP Asset Management Ltd,"Eteläesplanadi 14, 00130 HELSINKI, Finland",Investment firm,743700OKKV0A8JVAK593,FINLAND,www.wip.fi,Asset Manager,N/A,N/A,N/A
Finlandia Group Plc,"Aleksanterinkatu 44, 00100 HELSINKI, Finland",Investment firm,743700OL7LL80NGRLJ53,FINLAND,www.finlandia.fi,Wealth Manager,N/A,N/A,N/A
Väre Salkunhallinta Oy,"Kapteeninväylä 5, 70900 TOIVALA, Finland",Investment firm,7437008RZ66G3NDAUG90,FINLAND,N/A,Asset Manager,N/A,N/A,N/A
Obsido Oy,"Rautatienkatu 14 A 4, 33100 TAMPERE, Finland",Investment firm,743700D5UI8NEKI2EN13,FINLAND,www.obsido.fi,Wealth Manager,N/A,N/A,N/A
Confido Capital Oy,"Lönnrotinkatu 15 C 24, 00120 HELSINKI, Finland",Investment firm,743700TINFNEO0NW0C52,FINLAND,www.confidocapital.fi,Asset Manager,N/A,N/A,N/A
UB Brokerage Company Ltd,"Aleksanterinkatu 15 B, 3 krs, 00100 HELSINKI, Finland",Investment firm,743700E5IELIGUHX4I61,FINLAND,www.unitedbankers.fi,Wealth Manager,N/A,N/A,N/A
VISIO Varainhoito Oy,"Aleksanterinkatu 21 H, 00100 HELSINKI, Finland",Investment firm,743700ESAMI6Y3HTH335,FINLAND,www.visio.fi,Wealth Manager,N/A,N/A,N/A
Lago Kapital Ltd,"Hietaniemenkatu 2, 00100 HELSINKI, Finland",Investment firm,743700FT7RR16QEJGB82,FINLAND,www.lagokapital.fi,Asset Manager,N/A,N/A,N/A
KJK Capital Oy,"Kalevankatu 14 C 16, 00100 HELSINKI, Finland",Investment firm,743700XTETEIES5OXT52,FINLAND,www.kjkcapital.com,Asset Manager,N/A,N/A,N/A
Alexandria Markets Ltd,"Eteläesplanadi 22 A, 00130 Helsinki, Finland",Investment firm,743700V5TUSQ8H4DR079,FINLAND,www.alexandria.fi,Wealth Manager,N/A,N/A,N/A
Titanium Investment Services Ltd,"Mannerheimintie 4, 3 krs, 00100 HELSINKI, Finland",Investment firm,743700V1V93Q6IDWF870,FINLAND,www.titanium.fi,Asset Manager,N/A,N/A,N/A
Korkia Asset Management Oy,"Aleksanterinkatu 15 A, 00100 Helsinki, Finland",Investment firm,743700D0ZZK3LNN4MF91,FINLAND,www.korkia.fi,Asset Manager,N/A,N/A,N/A
Gasum Portfolio Services Oy,"Ohjelmakaari 10, 40500 JYVÄSKYLÄ, Finland",Investment firm,743700TBJXZLJIAVFQ92,FINLAND,www.gasum.com,Asset Manager,N/A,N/A,N/A
Pareto Securities Ltd,"Aleksanterinkatu 44, 6. krs, 00100 HELSINKI, Finland",Investment firm,743700NDOKFSKZEMDX22,FINLAND,www.paretosec.com,Wealth Manager,N/A,N/A,Finnish subsidiary of Pareto Securities 2
Front Capital Ltd,"Aleksanterinkatu 48 A, 00100 HELSINKI, Finland",Investment firm,743700ZVUA69C6DUZR58,FINLAND,N/A,Asset Manager,N/A,N/A,N/A
Estlander & Partners Ltd,"Norra esplanaden 25 B, 00100 HELSINGFORS, Finland",Investment firm,74370036N6V3ZSUV2G35,FINLAND,N/A,Asset Manager,N/A,N/A,N/A
T & B Capital Oy Ab,"Fredrikinkatu 25 A 8, 00120 HELSINKI, Finland",Investment firm,743700QZH4THJPSOOK06,FINLAND,N/A,Asset Manager,N/A,N/A,N/A
B10 Asset Management Ltd,"Bulevardi 10 C 24, 00120 Helsinki, Finland",Investment firm,743700J7PVLJYMHEIU11,FINLAND,N/A,Asset Manager,N/A,N/A,N/A
Innovestor Ltd,"Aleksanterinkatu 46 C, 00100 HELSINKI, Finland",Investment firm,7437005OE1D84ZCYCH57,FINLAND,www.innovestor.fi,Wealth Manager,N/A,N/A,N/A
LocalTapiola Asset Management Ltd,"Revontulentie 7, 02100 ESPOO, Finland",Investment firm,7437003OW5SVDUKJKQ34,FINLAND,www.lahitapiola.fi,Asset Manager,N/A,N/A,N/A
Forea Capital Oy,"Kanavaranta 7 E, 00160 HELSINKI, Finland",Investment firm,743700QR9PKVFT2G9F37,FINLAND,www.foreacapital.fi,Asset Manager,N/A,N/A,N/A
Prudentus Capital Oy,"c/o 2. krs. Eteläesplanadi 2, 00130 Helsinki, Finland",Investment firm,743700MHY3P9DUUK3Y02,FINLAND,N/A,Asset Manager,N/A,N/A,N/A
OP Custody Ltd,"Gebhardinaukio 1, 00510 Helsinki, Finland",Investment firm,743700M14FSS0AJGL126,FINLAND,www.op.fi,Asset Manager,N/A,N/A,Part of OP Group 2
OP Corporate Bank plc,"Teollisuuskatu 1 b, 00510 HELSINKI, Finland",Investment firm,549300NQ588N7RWKBP98,FINLAND,www.op.fi,Wealth Manager,N/A,N/A,Part of OP Group (WM/Corporate) 2
Emittor Oy,"Eteläesplanadi 2, 00130 Helsinki, Finland",Investment firm,743700RTANTMPJ297K12,FINLAND,N/A,Wealth Manager,N/A,N/A,N/A
Nordea Bank Abp,"Hamnbanegatan 5, 00020 HELSINGFORS, Finland",Investment firm,529900ODI3047E2LIV03,FINLAND,www.nordea.fi,Wealth Manager,N/A,N/A,Universal Bank/Wealth Manager 9
Säästöpankki Kalanti-Pyhäranta,"Alinenkatu 26, 23500 UUSIKAUPUNKI, Finland",Investment firm,743700F57EZ90VBZ4725,FINLAND,www.saastopankki.fi,Wealth Manager,N/A,N/A,Local Savings Bank 2
Pohjanmaan Osuuspankki,"Kauppatie 54, 62200 KAUHAVA, Finland",Investment firm,743700ML21FGHBR6OM06,FINLAND,www.op.fi,Wealth Manager,N/A,N/A,Local Cooperative Bank 2
Kannonkosken Osuuspankki,"Toritie 3 A, 43300 KANNONKOSKI, Finland",Investment firm,743700EFPGKNUCZAV464,FINLAND,www.op.fi,Wealth Manager,N/A,N/A,Local Cooperative Bank 2
Avain Säästöpankki,"Jääkärintie 60, 62420 KORTESJÄRVI, Finland",Investment firm,743700EJGEPWQ4OZX245,FINLAND,www.saastopankki.fi,Wealth Manager,N/A,N/A,Local Savings Bank 2
Kurikan Osuuspankki,"Keskuspuistikko 7, 61300 KURIKKA, Finland",Investment firm,743700YR25V763BZY011,FINLAND,www.op.fi,Wealth Manager,N/A,N/A,Local Cooperative Bank 2
Kosken Osuuspankki,"Hämeentie 21 A, 31500 KOSKI TL, Finland",Investment firm,743700HMHF90W8L4RV31,FINLAND,www.op.fi,Wealth Manager,N/A,N/A,Local Cooperative Bank 2
Konneveden Osuuspankki,"Kauppatie 29, 44300 KONNEVESI, Finland",Investment firm,743700SUBXA0MQ6ICE95,FINLAND,www.op.fi,Wealth Manager,N/A,N/A,Local Cooperative Bank 2
Kyrön Seudun Osuuspankki,"Kyröntie 31, 21800 KYRÖ, Finland",Investment firm,7437000288KOR9QXF432,FINLAND,www.op.fi,Wealth Manager,N/A,N/A,Local Cooperative Bank 2
Kyyjärven Osuuspankki,"Tuliharjuntie 4, 43700 KYYJÄRVI, Finland",Investment firm,743700WTQ74KR8TBX885,FINLAND,www.op.fi,Wealth Manager,N/A,N/A,Local Cooperative Bank 2
Lammin Säästöpankki,"Hämeenkatu 14, 05800 HYVINKÄÄ, Finland",Investment firm,743700N0C638JU69E472,FINLAND,www.saastopankki.fi,Wealth Manager,N/A,N/A,Local Savings Bank 2
Lanneveden Osuuspankki,"Uuraistentie 1132, 41270 LANNEVESI, Finland",Investment firm,743700DWED2928QN4M09,FINLAND,www.op.fi,Wealth Manager,N/A,N/A,Local Cooperative Bank 2
Lammin Osuuspankki,"Mommilantie 6, 16900 LAMMI, Finland",Investment firm,7437003UA4JF4K4XWI06,FINLAND,www.op.fi,Wealth Manager,N/A,N/A,Local Cooperative Bank 2
Säästöpankki Sinetti,"Keskustie 35, 35300 ORIVESI, Finland",Investment firm,743700ZK6KUF9L40FC04,FINLAND,www.saastopankki.fi,Wealth Manager,N/A,N/A,Local Savings Bank 2
Lapin Osuuspankki,"Meijeritie 2, 27230 LAPPI, Finland",Investment firm,743700C8FVF87I96Z009,FINLAND,www.op.fi,Wealth Manager,N/A,N/A,Local Cooperative Bank 2
Someron Säästöpankki,"Joensuuntie 27, 31400 SOMERO, Finland",Investment firm,743700QDM17WPTRL4C19,FINLAND,www.saastopankki.fi,Wealth Manager,N/A,N/A,Local Savings Bank 2
Honkajoen Osuuspankki,"Porhontie 1, 38950 HONKAJOKI, Finland",Investment firm,7437005HI4U9OS7KU258,FINLAND,www.op.fi,Wealth Manager,N/A,N/A,Local Cooperative Bank 2
Isojoen Osuuspankki,"Honkajoentie 4, 64900 ISOJOKI, Finland",Investment firm,743700RSB3R84DYYWO89,FINLAND,www.op.fi,Wealth Manager,N/A,N/A,Local Cooperative Bank 2
Bank of Åland Plc,"Nygatan 2, 22100 MARIEHAMN, Finland",Investment firm,7437006WYM821IJ3MN73,FINLAND,www.alandsbanken.fi,Wealth Manager,N/A,N/A,N/A
Lappajärven Osuuspankki,"Maneesintie 4 C, 62600 LAPPAJÄRVI, Finland",Investment firm,743700GCV1ER82IJO773,FINLAND,www.op.fi,Wealth Manager,N/A,N/A,Local Cooperative Bank 2
Lavian Osuuspankki,"Tampereentie 6, 38600 LAVIA, Finland",Investment firm,743700JCAIDZZ8D42O05,FINLAND,www.op.fi,Wealth Manager,N/A,N/A,Local Cooperative Bank 2
Mellilän Seudun Osuuspankki,"Sahantie 2, 32300 MELLILÄ, Finland",Investment firm,743700ZR26RXO5QJ0E92,FINLAND,www.op.fi,Wealth Manager,N/A,N/A,Local Cooperative Bank 2
Myrskylän Säästöpankki,"Virastotie 1, 07600 MYRSKYLÄ, Finland",Investment firm,743700P53RY3YAKEMX75,FINLAND,www.saastopankki.fi,Wealth Manager,N/A,N/A,Local Savings Bank 2
Nivalan Järvikylän Osuuspankki,"Ponnikanmäki 68 B, 85560 AINASTALO, Finland",Investment firm,743700ASHJUFQ5382C78,FINLAND,www.op.fi,Wealth Manager,N/A,N/A,Local Cooperative Bank 2
Municipality Finance Plc,"Antinkatu 3 C, 00100 HELSINKI, Finland",Investment firm,529900HEKOENJHPNN480,FINLAND,www.kuntarahoitus.fi,Asset Manager,N/A,N/A,Public finance institution 2
Nooa Saving Bank Ltd,"c/o 3 krs Aleksanterinkatu 48 A, 00100 HELSINKI, Finland",Investment firm,743700FGFCZYI6SXEG06,FINLAND,www.saastopankki.fi,Wealth Manager,N/A,N/A,Local Savings Bank 2
Oma Savings Bank Plc,"Keskustori 3, 60100 SEINÄJOKI, Finland",Investment firm,743700LE1ECAPXC5UT18,FINLAND,www.omasp.fi,Wealth Manager,N/A,N/A,N/A
Helmi Säästöpankki Oy,"Torikatu 3, 15110 LAHTI, Finland",Investment firm,743700MPOVAIXFPZRP02,FINLAND,www.saastopankki.fi,Wealth Manager,N/A,N/A,Local Savings Bank 2
Aito Savings Bank Ltd,"Kauppakatu 14 B 8, 33210 TAMPERE, Finland",Investment firm,7437002WC51RDNI14T18,FINLAND,www.aitsaastopankki.fi,Wealth Manager,N/A,N/A,Local Savings Bank 2
Närpes Sparbank Ab,"Närpesvägen 13, 64200 NÄRPIÖ, Finland",Investment firm,743700O8OP3QVQTM3M56,FINLAND,www.sparbanken.fi,Wealth Manager,N/A,N/A,Local Savings Bank 2
Ekenäs Sparbank Ab,"Stationsvägen 6, 10600 EKENÄS, Finland",Investment firm,7437002J4NTT46IK2J75,FINLAND,www.sparbanken.fi,Wealth Manager,N/A,N/A,Local Savings Bank 2
CapMan Wealth Services Oy,"Pohjoisesplanadi 35 Aa, 00100 HELSINKI, Finland",Investment firm,743700V4PNGB51ZQOR76,FINLAND,www.capman.com,Wealth Manager,N/A,N/A,N/A
Lakeuden Osuuspankki,"Kauppakatu 4 C, 62100 LAPUA, Finland",Investment firm,743700GDTN2VVSC5WM43,FINLAND,www.op.fi,Wealth Manager,N/A,N/A,Local Cooperative Bank 2
Aval Wealth Management Ltd,"Södra kajen 6 A 9, 00130 HELSINGFORS, Finland",Investment firm,743700OT4SZT6S505O71,FINLAND,N/A,Wealth Manager,N/A,N/A,N/A
Järvi-Suomen osuuspankki,"Kuiluntie 5, 71800 SIILINJÄRVI, Finland",Investment firm,743700DJU06WXEN6YC93,FINLAND,www.op.fi,Wealth Manager,N/A,N/A,Local Cooperative Bank 2
Afalon Investment Management Oy,"Eteläranta 8, 00130 HELSINKI, Finland",Investment firm,7437006HU8M4YJP3WK67,FINLAND,N/A,Asset Manager,N/A,N/A,N/A
Aristoi Capital Management Ltd,"Mannerheimintie 16 A, 00100 Helsinki, Finland",Investment firm,743700UM2KMQXEUY8E68,FINLAND,N/A,Asset Manager,N/A,N/A,N/A
S-Bank Plc,"Fleminginkatu 34, 00510 HELSINKI, Finland",Investment firm,743700FTBNXAUN57RH30,FINLAND,www.s-pankki.fi,Wealth Manager,N/A,N/A,N/A
Aktia Alexander Corporate Finance Oy,"Aleksanterinkatu 19 A, 5 krs, 00100 HELSINKI, Finland",Investment firm,74370033J2TARY7QRE36,FINLAND,www.aktia.fi,Wealth Manager,N/A,N/A,N/A
Springvest Oyj,"Aleksanterinkatu 19 A, 00100 Helsinki, Finland",Investment firm,74370060B6AMS8M53K54,FINLAND,www.springvest.fi,Wealth Manager,N/A,N/A,N/A
Sifter Capital Ltd,"Kasarmikatu 14 A 3, 00130 Helsinki, Finland",Investment firm,7437001N23AC3GBGCV34,FINLAND,www.sifter.fi,Asset Manager,N/A,N/A,N/A
Suomen Osuuspankki,"Topeeka 31, 61800 KAUHAJOKI, Finland",Investment firm,743700Y6UNGVUUZC6P86,FINLAND,www.op.fi,Wealth Manager,N/A,N/A,Local Cooperative Bank 2
Aktia Bank plc,"Mannerheimvägen 14, 00100 HELSINGFORS, Finland",Investment firm,743700GC62JLHFBUND16,FINLAND,www.aktia.fi,Wealth Manager,N/A,N/A,N/A
Evli Plc,"Aleksanterinkatu 19, 00100 Helsinki, Finland",Investment firm,984500F4CCF3AD74F766,FINLAND,www.evli.com,Wealth Manager,N/A,N/A,N/A
Familiam Asset Management Oy,"Arkadiankatu 23 D, 00100 Helsinki, Finland",Investment firm,743700PXDKELUV23KF98,FINLAND,N/A,Asset Manager,N/A,N/A,N/A
"Mandatum Asset Management Ltd\, filial i Sverige","PB 1221, FI-00101, Helsingfors",Investment firm,,FINLAND,#N/A,#N/A,N/A,N/A,Swedish branch of Mandatum AM 2
UB Asset Management filial,"Aleksanterinkatu 21 A, 00100 Helsink",Investment firm,,FINLAND,www.unitedbankers.fi,Asset Manager,N/A,N/A,Branch of UB AM 2
UB Asset Management Ltd,"Aleksanterinkatu 21 A, 00100 HELSINKI, Finland",Investment firm,7437002849CUIJZR0H57,FINLAND,www.unitedbankers.fi,Asset Manager,N/A,N/A,N/A
Elan Capital Management Ltd,"Huopalahdentie 24 A, 00350 Helsinki, Finland",Investment firm,743700I960PACM2QX541,FINLAND,N/A,Asset Manager,N/A,N/A,N/A
Mandatum Asset Management Ltd,"Bulevardi 56, 00120 HELSINKI, Finland",Investment firm,743700CTALP9F3ZBBB71,FINLAND,www.mandatum.fi,Asset Manager,N/A,N/A,N/A
IndexHelsinki Osakeyhtiö,"Uudenmaankatu 17 B 28, 00120 Helsinki, Finland",Investment firm,743700BL56SR11YN3J90,FINLAND,N/A,Asset Manager,N/A,N/A,N/A
Amplia Wealth Finland Oy,"Rikhardinkatu 2, 00130 Helsinki, Finland",Investment firm,743700HX08GD5GUKK486,FINLAND,N/A,Wealth Manager,N/A,N/A,N/A
Signum Varainhoito Oy,"Fabianinkatu 14 B 203, 00100 Helsinki, Finland",Investment firm,743700KVMSM6SQOLQW26,FINLAND,N/A,Wealth Manager,N/A,N/A,N/A
Kvarn Investment Services Oy,"Eteläesplanadi 24 A, 00130 Helsinki, Finland",Investment firm,984500E85B45A822B452,FINLAND,N/A,Wealth Manager,N/A,N/A,N/A
Alexandria Group Oyj,"Eteläesplanadi 22 A, 00130 HELSINKI, Finland",Investment firm,7437002ONTEZT59NA993,FINLAND,www.alexandria.fi,Wealth Manager,N/A,N/A,N/A
"NORDEA BANK ABP\, FILIAL I NORGE",Hamnbanegatan 5 Helsinki,Investment firm,,FINLAND,#N/A,#N/A,N/A,N/A,Norwegian branch of Nordea Bank Abp 2
Asilo Asset Management Oy,"Erottajankatu 5 A 5, 00130 Helsinki, Finland",Investment firm,984500E2DIA1ADCC6222,FINLAND,N/A,Asset Manager,N/A,N/A,N/A
Power-Deriva Oy,"Salomonkatu 17 A, 00100 HELSINKI, Finland",Investment firm,743700AAP6SKGH5DXZ04,FINLAND,N/A,Asset Manager,N/A,N/A,N/A
Uudenmaan Osuuspankki,"Mikonkatu 13 A, 00100 HELSINKI, Finland",Investment firm,743700M7JFX3LTJH7K88,FINLAND,www.op.fi,Wealth Manager,N/A,N/A,Local Cooperative Bank 2
Kangasniemen Osuuspankki,"Otto Mannisen tie 1-3, 51200 KANGASNIEMI, Finland",Investment firm,743700JLRONKNUWLYD47,FINLAND,www.op.fi,Wealth Manager,N/A,N/A,Local Cooperative Bank 2
Keski-Pohjanmaan Osuuspankki,"Isokatu 6, 67100 KOKKOLA, Finland",Investment firm,7437005U02E0MJI4BB87,FINLAND,www.op.fi,Wealth Manager,N/A,N/A,Local Cooperative Bank 2
Jokilaaksojen Osuuspankki,"Kaustintie 2, 69600 KAUSTINEN, Finland",Investment firm,743700V2NMNCS085TJ90,FINLAND,www.op.fi,Wealth Manager,N/A,N/A,Local Cooperative Bank 2
Keski-Suomen Osuuspankki,"Kauppakatu 22, 40100 JYVÄSKYLÄ, Finland",Investment firm,74370097ZDC1B7CS5F05,FINLAND,www.op.fi,Wealth Manager,N/A,N/A,Local Cooperative Bank 2
Kuhmon Osuuspankki,"Koulukatu 10, 88900 KUHMO, Finland",Investment firm,743700DQL4AMH4DDIP61,FINLAND,www.op.fi,Wealth Manager,N/A,N/A,Local Cooperative Bank 2
Korpilahden Osuuspankki,"Martinpolku 23, 41800 KORPILAHTI, Finland",Investment firm,743700QZB28DPS5GCD07,FINLAND,www.op.fi,Wealth Manager,N/A,N/A,Local Cooperative Bank 2
Ylä-Savon Osuuspankki,"Niemisenkatu 4, 74700 KIURUVESI, Finland",Investment firm,7437006SV8L2TOJ65K82,FINLAND,www.op.fi,Wealth Manager,N/A,N/A,Local Cooperative Bank 2
Kerimäen Osuuspankki,"Hälväntie 2, 58201 KERIMÄKI, Finland",Investment firm,743700KP81EUI8819583,FINLAND,www.op.fi,Wealth Manager,N/A,N/A,Local Cooperative Bank 2
Kemin Seudun Osuuspankki,"Valtakatu 14, 94100 KEMI, Finland",Investment firm,74370015ZE09JO490U23,FINLAND,www.op.fi,Wealth Manager,N/A,N/A,Local Cooperative Bank 2
Andelsbanken för Åland,"Köpmansgatan 2, 22100 MARIEHAMN, Finland",Investment firm,74370027F0X7YDR8AQ33,FINLAND,www.andelsbanken.ax,Wealth Manager,N/A,N/A,Local Cooperative Bank 2
Alavieskan Osuuspankki,"Keskustie 7, 85200 ALAVIESKA, Finland",Investment firm,74370073K87ST7Z3KJ70,FINLAND,www.op.fi,Wealth Manager,N/A,N/A,Local Cooperative Bank 2
Koillismaan Osuuspankki,"Kitkantie 7, 93600 KUUSAMO, Finland",Investment firm,743700ZU856U8XLQZK68,FINLAND,www.op.fi,Wealth Manager,N/A,N/A,Local Cooperative Bank 2
Andelsbanken Raseborg,"Köpmansgatan 6, 10300 KARIS, Finland",Investment firm,743700I7CL9CIMW1BB86,FINLAND,www.andelsbanken.ax,Wealth Manager,N/A,N/A,Local Cooperative Bank 2
Pohjolan Osuuspankki,"Isokatu 14, 90100 OULU, Finland",Investment firm,743700VPGD5G0QF6TR40,FINLAND,www.op.fi,Wealth Manager,N/A,N/A,Local Cooperative Bank 2
Lounais-Suomen Osuuspankki,"Vistantie 21, 21530 PAIMIO, Finland",Investment firm,743700Q1Z9Z9OYVQA133,FINLAND,www.op.fi,Wealth Manager,N/A,N/A,Local Cooperative Bank 2
Kaakkois-Suomen Osuuspankki,"Pormestarinkatu 4, 53100 LAPPEENRANTA, Finland",Investment firm,743700MHNVY2ZL88EM50,FINLAND,www.op.fi,Wealth Manager,N/A,N/A,Local Cooperative Bank 2
Osuuspankki Salpa,"Vanhamaantie 9, 47200 ELIMÄKI, Finland",Investment firm,743700RBFI9Y3A2EG815,FINLAND,www.op.fi,Wealth Manager,N/A,N/A,Local Cooperative Bank 2
Osuuspankki Vakka-Auranmaa,"Paattistentie 1001, 21330 PAATTINEN, Finland",Investment firm,743700VY2W3QJGFLPT18,FINLAND,www.op.fi,Wealth Manager,N/A,N/A,Local Cooperative Bank 2
Punkalaitumen Osuuspankki,"Urjalantie 51, 31900 PUNKALAIDUN, Finland",Investment firm,743700IQJN2H8TL25G52,FINLAND,www.op.fi,Wealth Manager,N/A,N/A,Local Cooperative Bank 2
Petäjäveden Osuuspankki,"Kirkkotie 6, 41900 PETÄJÄVESI, Finland",Investment firm,7437008NJB465JRJ8U12,FINLAND,www.op.fi,Wealth Manager,N/A,N/A,Local Cooperative Bank 2
Suomenselän Osuuspankki,"Ollintie 14, 86800 PYHÄSALMI, Finland",Investment firm,743700GB87YRXFF28K90,FINLAND,www.op.fi,Wealth Manager,N/A,N/A,Local Cooperative Bank 2
Ylä-Pirkanmaan Osuuspankki,"Ruovedentie 13, 34600 RUOVESI, Finland",Investment firm,7437008T38NCFUZK1W68,FINLAND,www.op.fi,Wealth Manager,N/A,N/A,Local Cooperative Bank 2
Jokirannikon Osuuspankki,"Kirkkokatu 34, 92100 RAAHE, Finland",Investment firm,743700I70YHRWX6KNW39,FINLAND,www.op.fi,Wealth Manager,N/A,N/A,Local Cooperative Bank 2
Siikajoen Osuuspankki,"Kauppatie 13 A 1, 92320 SIIKAJOKI, Finland",Investment firm,743700GYCIRJVFJ14E25,FINLAND,www.op.fi,Wealth Manager,N/A,N/A,Local Cooperative Bank 2
Rantasalmen Osuuspankki,"Kylätie 28, 58900 RANTASALMI, Finland",Investment firm,7437004C3FH18M3RRP74,FINLAND,www.op.fi,Wealth Manager,N/A,N/A,Local Cooperative Bank 2
Hämeen Osuuspankki,"Keskuskatu 12, 11100 RIIHIMÄKI, Finland",Investment firm,743700KC1KWMCS2BWH13,FINLAND,www.op.fi,Wealth Manager,N/A,N/A,Local Cooperative Bank 2
Rymättylän Osuuspankki,"Viluntie 3, 21140 RYMÄTTYLÄ, Finland",Investment firm,7437006A4VPAI9NZ1745,FINLAND,www.op.fi,Wealth Manager,N/A,N/A,Local Cooperative Bank 2
Etelä-Pohjanmaan Osuuspankki,"Keskuskatu 9, 60100 SEINÄJOKI, Finland",Investment firm,743700B7Q12N6S7N7X40,FINLAND,www.op.fi,Wealth Manager,N/A,N/A,Local Cooperative Bank 2
Haapamäen Seudun Osuuspankki,"Pihlajavedentie 3, 42800 HAAPAMÄKI, Finland",Investment firm,7437005JG3Z3WOS6XW29,FINLAND,www.op.fi,Wealth Manager,N/A,N/A,Local Cooperative Bank 2
Turku District Co-operative Bank,"Maariankatu 4, 20100 TURKU, Finland",Investment firm,743700IV1RKODV0CZL73,FINLAND,N/A,Wealth Manager,N/A,N/A,Local Cooperative Bank 2
Tervolan Osuuspankki,"Keskustie 95, 95300 TERVOLA, Finland",Investment firm,743700UXY2MX54OLKB86,FINLAND,www.op.fi,Wealth Manager,N/A,N/A,Local Cooperative Bank 2
Polvijärven Osuuspankki,"Polvijärventie 9, 83700 POLVIJÄRVI, Finland",Investment firm,7437007LJK24K8KRH254,FINLAND,www.op.fi,Wealth Manager,N/A,N/A,Local Cooperative Bank 2
Satapirkan Osuuspankki,"Risto Rytin katu 31, 32700 HUITTINEN, Finland",Investment firm,743700HC5C388KB3MP75,FINLAND,www.op.fi,Wealth Manager,N/A,N/A,Local Cooperative Bank 2
Jokiläänin Osuuspankki,"Keskuskatu 12, 31600 JOKIOINEN, Finland",Investment firm,743700YIQDI229VCF807,FINLAND,www.op.fi,Wealth Manager,N/A,N/A,Local Cooperative Bank 2
Janakkalan Osuuspankki,"Harvialantie 7, 14200 TURENKI, Finland",Investment firm,74370055K4A4WHBSWC21,FINLAND,www.op.fi,Wealth Manager,N/A,N/A,Local Cooperative Bank 2
Savonmaan Osuuspankki,"Keskitie 26, 71200 TUUSNIEMI, Finland",Investment firm,74370014NEIOLLVU6U43,FINLAND,www.op.fi,Wealth Manager,N/A,N/A,Local Cooperative Bank 2
Lounaisrannikon Osuuspankki,"Koulukatu 1, 23500 UUSIKAUPUNKI, Finland",Investment firm,743700KKSGN4OMWDGL22,FINLAND,www.op.fi,Wealth Manager,N/A,N/A,Local Cooperative Bank 2
Kainuun Osuuspankki,"Pohjolankatu 18, 87100 KAJAANI, Finland",Investment firm,743700HPFK5TOZEID048,FINLAND,www.op.fi,Wealth Manager,N/A,N/A,Local Cooperative Bank 2
Vasa Andelsbank,"Nedre Torget, 65100 VASA, Finland",Investment firm,743700K3BR9RSDT06G37,FINLAND,www.andelsbanken.ax,Wealth Manager,N/A,N/A,Local Cooperative Bank 2
Vehmersalmen Osuuspankki,"Vehmersalmentie 34, 71310 VEHMERSALMI, Finland",Investment firm,743700OD43J9JBTF4114,FINLAND,www.op.fi,Wealth Manager,N/A,N/A,Local Cooperative Bank 2
Etelä-Pirkanmaan Osuuspankki,"Kisatie 2, 31760 URJALA, Finland",Investment firm,743700UZ1VOLOGO1OJ70,FINLAND,www.op.fi,Wealth Manager,N/A,N/A,Local Cooperative Bank 2
Ylä-Hämeen Osuuspankki,"Seppälän Puistotie 8, 35800 MÄNTTÄ, Finland",Investment firm,743700GJ4UN7ZRKOHU29,FINLAND,www.op.fi,Wealth Manager,N/A,N/A,Local Cooperative Bank 2
Niinijokivarren Osuuspankki,"Niinijoentie 837, 32410 NIINIJOKI, Finland",Investment firm,7437008TJBCASFTJJY74,FINLAND,www.op.fi,Wealth Manager,N/A,N/A,Local Cooperative Bank 2
Mouhijärven Osuuspankki,"Uotsolantie 43 A, 38460 MOUHIJÄRVI, Finland",Investment firm,743700M8IDLE7OUJGL97,FINLAND,www.op.fi,Wealth Manager,N/A,N/A,Local Cooperative Bank 2
Joki-Pohjanmaan Osuuspankki,"Kalliontie 20, 85500 NIVALA, Finland",Investment firm,743700IX3V0DULG0E310,FINLAND,www.op.fi,Wealth Manager,N/A,N/A,Local Cooperative Bank 2
Sataharjun Osuuspankki,"Porintie 6, 29250 NAKKILA, Finland",Investment firm,743700APEEB4897EDQ84,FINLAND,www.op.fi,Wealth Manager,N/A,N/A,Local Cooperative Bank 2
Multian Osuuspankki,"Keskustie 29 A, 42600 MULTIA, Finland",Investment firm,743700KOC7ONKBMR4525,FINLAND,www.op.fi,Wealth Manager,N/A,N/A,Local Cooperative Bank 2
Nagu Andelsbank,"Kesätori 1, 21660 NAUVO, Finland",Investment firm,743700XF2UPB5Y351629,FINLAND,www.andelsbanken.ax,Wealth Manager,N/A,N/A,Local Cooperative Bank 2
Ylä-Uudenmaan Osuuspankki,"Erkontie 11, 16300 ORIMATTILA, Finland",Investment firm,743700JBSBLALUKAVO03,FINLAND,www.op.fi,Wealth Manager,N/A,N/A,Local Cooperative Bank 2
OP Retail Customers plc,"Teollisuuskatu 1 B, 00510 HELSINKI, Finland",Investment firm,743700ABSYTMKL8IF439,FINLAND,www.op.fi,Wealth Manager,N/A,N/A,Part of OP Group 2
Järvi-Hämeen Osuuspankki,"Rusthollintie 1, 17200 VÄÄKSY, Finland",Investment firm,7437007VWK7OVH2L9M20,FINLAND,www.op.fi,Wealth Manager,N/A,N/A,Local Cooperative Bank 2
Länsi-Suomen Osuuspankki,"Yrjönkatu 22, 28100 PORI, Finland",Investment firm,7437009KVZK8X0D99654,FINLAND,www.op.fi,Wealth Manager,N/A,N/A,Local Cooperative Bank 2
Pohjois-Karjalan Osuuspankki,"Siltakatu 4, 80100 JOENSUU, Finland",Investment firm,7437000YE37J35JJA860,FINLAND,www.op.fi,Wealth Manager,N/A,N/A,Local Cooperative Bank 2
Suur-Savon Osuuspankki,"Porrassalmenkatu 19, 50100 MIKKELI, Finland",Investment firm,743700XQEP1UEYJUNS65,FINLAND,www.op.fi,Wealth Manager,N/A,N/A,Local Cooperative Bank 2
Pohjois-Savon Osuuspankki,"Puijonkatu 25, 70100 KUOPIO, Finland",Investment firm,743700GFD1LTRFQ5F539,FINLAND,www.op.fi,Wealth Manager,N/A,N/A,Local Cooperative Bank 2
Lounaismaan Osuuspankki,"Turuntie 7, 24100 SALO, Finland",Investment firm,743700Q1LWZ4Y0EKR428,FINLAND,www.op.fi,Wealth Manager,N/A,N/A,Local Cooperative Bank 2
Hetki Osuuspankki,"Multiantie 1, 42700 KEURUU, Finland",Investment firm,7437000IS2BIUOUL3547,FINLAND,www.op.fi,Wealth Manager,N/A,N/A,Local Cooperative Bank 2
Botnia Andelsbank,"Salutorget 2, 68600 JAKOBSTAD, Finland",Investment firm,743700QCC7N8MCA6GD92,FINLAND,www.andelsbanken.ax,Wealth Manager,N/A,N/A,Local Cooperative Bank 2
Järvi-Pohjanmaan Osuuspankki,"Kuulantie 2, 63300 ALAVUS, Finland",Investment firm,743700CYLA0M84DD0R95,FINLAND,www.op.fi,Wealth Manager,N/A,N/A,Local Cooperative Bank 2
Pirkanmaan Osuuspankki,"Hämeenkatu 12, 33100 TAMPERE, Finland",Investment firm,743700TIOTHSZS7MTG50,FINLAND,www.op.fi,Wealth Manager,N/A,N/A,Local Cooperative Bank 2
Sydän-Savon Osuuspankki,"Maaningantie 31, 71750 MAANINKA, Finland",Investment firm,743700KZG4DRVNYYRP06,FINLAND,www.op.fi,Wealth Manager,N/A,N/A,Local Cooperative Bank 2
Kirstein A/S,"Kristen Bernikows Gade 6, 2, 1105 København K",Investment firm,,DENMARK,www.kirstein.dk,Asset Manager,N/A,N/A,N/A
Sparekassen Sjælland,"Isefjords Alle 5, 4300 Holbæk",Investment firm,,DENMARK,www.spksj.dk,Wealth Manager,N/A,N/A,Local Savings Bank 2
Bankmægler Svend Erik Nielsen,"Klydevænget 4, 6760 Ribe",Investment firm,,DENMARK,N/A,Wealth Manager,N/A,N/A,N/A
CPH Capital Fondsmæglerselskab A/S,"Lautrupsgade 7, 6, 2100 København Ø",Investment firm,549300I4KGKRJ69JCR98,DENMARK,www.cphcapital.dk,Asset Manager,N/A,N/A,N/A
Den Jyske Sparekasse,"Borgergade 3, 7200 Grindsted",Investment firm,529900E13ODA6AZQDD51,DENMARK,www.dejyskesparekasse.dk,Wealth Manager,N/A,N/A,Local Savings Bank 2
Saxo Privatbank A/S,"Philip Heymans Alle 15, 2900 Hellerup",Investment firm,5493006J6F7FHI8EDQ90,DENMARK,www.home.saxo,Wealth Manager,N/A,N/A,Part of Saxo Group 2
Danske Bank A/S,"Holmens kanal 2-12, 1092 Kobenhavn K, Denmark",Investment firm,,DENMARK,www.danskebank.dk,Wealth Manager,N/A,N/A,Major Universal Bank 2
Absalon Capital Fondsmæglerselskab A/S,"Tuborg Havnevej 15, 2900 Hellerup",Investment firm,549300GO7SF5HVVJOX58,DENMARK,www.absaloncapital.dk,Asset Manager,N/A,N/A,N/A
Københavns Andelskasse under kontrol,"Gammeltorv 4, 2, 1457 København K",Investment firm,,DENMARK,N/A,Wealth Manager,N/A,N/A,N/A
Artha Kapitalforvaltning Fondsmæglerselskab A/S,"Søllerødvej 64, 2840 Holte",Investment firm,549300DNWVRXCHM45E90,DENMARK,www.artha.dk,Wealth Manager,N/A,N/A,N/A
WH Invest ApS,"Slotsmarken 18, 1, 2970 Hørsholm",Investment firm,,DENMARK,N/A,Wealth Manager,N/A,N/A,N/A
C WorldWide Asset Management Fondsmaeglerselskab A/S Danmark Filial i Sverige,"Dampfaergevej 26, DK-2100 Copenhagen, Denmark",Investment firm,,DENMARK,#N/A,#N/A,N/A,N/A,Swedish branch of C Worldwide AM 2
"Saxo Bank A/S\, organizační složka","Philip Heymans Allé 15, 2900 Hellerup",Investment firm,,DENMARK,#N/A,#N/A,N/A,N/A,Czech branch of Saxo Bank 2
"Jyske Bank A/S\, Filiale Hamburg","Vestergade 8 - 16,8600,Silkeborg,DK",Investment firm,,DENMARK,#N/A,#N/A,N/A,N/A,German branch of Jyske Bank 2
"Nordfyns Bank\, Aktieselskabet","Dannebrogsgade 1, 5000 Odense C",Investment firm,549300BWB2IW0OL3GQ06,DENMARK,#N/A,#N/A,N/A,N/A,Local Bank 2
Saxo Bank A/S,Philip Heymans Allé 15 - 2900 HELLERUP DANEMARK,Investment firm,,DENMARK,www.home.saxo,Wealth Manager,N/A,N/A,Global Broker/Bank 2
Hvidbjerg Bank A/S,"Østergade 2,, 7790 Thyholm",Investment firm,549300XYJTDGWLM77720,DENMARK,www.hvidbjerg-bank.dk,Wealth Manager,N/A,N/A,Local Bank 2
Accunia Fondsmæglerselskab A/S,"Store Regnegade 5, 1., 1110 København K",Investment firm,213800Z156GT4VXSGZ89,DENMARK,www.accunia.com,Asset Manager,N/A,N/A,N/A
PP Capital Asset Management Fondsmæglerselskab A/S,"Christian IX's Gade 2, 1. th, 1111 København K",Investment firm,549300Q63VD0Q5PIQ092,DENMARK,N/A,Asset Manager,N/A,N/A,N/A
Mermaid Asset Management Fondsmæglerselskab A/S,"Gersonsvej 7,, 2900 Hellerup",Investment firm,549300C8E46TJAWX9B73,DENMARK,N/A,Asset Manager,N/A,N/A,N/A
Danske Bank A/S,"Bernstorffsgade 40,, 1577 København V",Investment firm,MAES062Z21O4RZ2U7M96,DENMARK,www.danskebank.dk,Wealth Manager,N/A,N/A,Major Universal Bank 2
Balling Sparekasse,"Søndergade 12A,, 7860 Spøttrup",Investment firm,213800KOJ5JSZ6ID2R91,DENMARK,www.balling-sparekasse.dk,Wealth Manager,N/A,N/A,Local Savings Bank 2
Merkur Andelskasse,"Vesterbrogade 40, 1., 1620 København V",Investment firm,549300YV6LXRPJO3U576,DENMARK,www.merkur.dk,Wealth Manager,N/A,N/A,Cooperative Bank 2
Sparekassen Thy,"Store Torv 1,, 7700 Thisted",Investment firm,529900FZWXWNKF3O8394,DENMARK,www.sparekasienthy.dk,Wealth Manager,N/A,N/A,Local Savings Bank 2
Skjern Bank A/S,"Banktorvet 3,, 6900 Skjern",Investment firm,549300I3ZBJQDXA7AS20,DENMARK,www.skjernbank.dk,Wealth Manager,N/A,N/A,Local Bank 2
Rønde Sparekasse,"Hovedgaden 33,, 8410 Rønde",Investment firm,2138005MGIT3X9ZTMP37,DENMARK,www.roendesparekasse.dk,Wealth Manager,N/A,N/A,Local Savings Bank 2
Fondsmæglerselskabet Maj Invest A/S,"Gammeltorv 18,, 1457 København K",Investment firm,549300M1VQ0K5Z838B91,DENMARK,www.majinvest.com,Asset Manager,N/A,N/A,N/A
HP Fondsmæglerselskab A/S,"Kronprinsessegade 18, 1., 1306 København K",Investment firm,529900K51GPUHVD7PF72,DENMARK,N/A,Wealth Manager,N/A,N/A,N/A
IWC Investment Partners A/S,"c/oInternational Woodland Company A/S, Scherfigsvej 10, st. th, 2100 København Ø",Investment firm,213800L3G4ULAXHJKK81,DENMARK,www.iwcinvestmentpartners.com,Asset Manager,N/A,N/A,N/A
Habro Fondsmæglerselskab A/S,"Bredgade 34A, st., 1260 København K",Investment firm,,DENMARK,N/A,Wealth Manager,N/A,N/A,N/A
Lån & Spar Bank A/S,"Højbro Plads 9-11,, 1200 København K",Investment firm,213800UYAHIRLZ4NSN67,DENMARK,www.lsb.dk,Wealth Manager,N/A,N/A,N/A
Lægernes Bank A/S,"Dirch Passers Allé 76,, 2000 Frederiksberg",Investment firm,529900SEFOTJH1MLGZ92,DENMARK,www.laegernesbank.dk,Wealth Manager,N/A,N/A,N/A
Nykredit Bank A/S,"Kalvebod Brygge 1-3,, 1560 København V",Investment firm,52965FONQ5NZKP0WZL45,DENMARK,www.nykredit.dk,Wealth Manager,N/A,N/A,Part of Nykredit Group 2
DRAUPNIR INVESTMENT ADVISORS A/S,"Jernbanegade 23B,, 4000 Roskilde",Investment firm,,DENMARK,N/A,Wealth Manager,N/A,N/A,N/A
North Sea Capital A/S,"Ny Vestergade 13, 3., 1471 København K",Investment firm,,DENMARK,N/A,Asset Manager,N/A,N/A,N/A
C WorldWide Asset Management Fondsmæglerselskab A/S,"Dampfærgevej 26,, 2100 København Ø",Investment firm,967600QIGO353E50TF04,DENMARK,www.cworldwide.com,Asset Manager,N/A,N/A,Specialized fund manager 2
BI Asset Management Fondsmæglerselskab A/S,"Bredgade 40,, 1260 København K",Investment firm,549300RT3HUPVHDUZ811,DENMARK,www.bi-am.dk,Asset Manager,N/A,N/A,N/A
Capital Four Management Fondsmæglerselskab A/S,"Per Henrik Lings Allé 2, 8., 2100 København Ø",Investment firm,213800DYNHX13O9RJR56,DENMARK,www.capital-four.com,Asset Manager,N/A,N/A,N/A
TimeInvest Fondsmæglerselskab A/S,"Kalvebod Brygge 45, 3., 1560 København V",Investment firm,549300YO3KMIZX87VZ03,DENMARK,www.timeinvest.dk,Asset Manager,N/A,N/A,N/A
Assure Fondsmæglerselskab A/S,"Philip Heymans Alle 29, 2., 2900 Hellerup",Investment firm,549300JFZLFC6Z7QTX04,DENMARK,N/A,Wealth Manager,N/A,N/A,N/A
BLS Capital Fondsmæglerselskab A/S,"Strandvejen 724,, 2930 Klampenborg",Investment firm,254900VGW6POFMVTTU76,DENMARK,www.blscapital.dk,Asset Manager,N/A,N/A,N/A
Advice Capital A/S,"Olfert Fischers Gade 8, st. th, 1311 København K",Investment firm,,DENMARK,N/A,Wealth Manager,N/A,N/A,N/A
Tresor Asset Advisers ApS,"Strandvejen 82, 1. th, 2900 Hellerup",Investment firm,,DENMARK,N/A,Wealth Manager,N/A,N/A,N/A
Østergaard & Co. ApS,"Frydenlundsvej 30,, 2950 Vedbæk",Investment firm,,DENMARK,N/A,Wealth Manager,N/A,N/A,N/A
Secure Spectrum Fondsmæglerselskab A/S,"Peter Lunds Vej 1, st., 2800 Kongens Lyngby",Investment firm,,DENMARK,N/A,Wealth Manager,N/A,N/A,N/A
Fundamental Fondsmæglerselskab A/S,"Staktoften 3,, 2950 Vedbæk",Investment firm,549300L0UQO6TTI5LD61,DENMARK,www.fundamental.dk,Asset Manager,N/A,N/A,N/A
Fondsmæglerselskabet StockRate Asset Management A/S,"Christianshusvej 183,, 2970 Hørsholm",Investment firm,549300IYB9MJRBX8H133,DENMARK,www.stockrate.dk,Asset Manager,N/A,N/A,N/A
Nielsen Capital Management Fondsmæglerselskab A/S,"Eriksholmvej 40,, 4390 Vipperød",Investment firm,549300LHND5EK0M66N17,DENMARK,N/A,Asset Manager,N/A,N/A,N/A
Curo Capital Fondsmæglerselskab A/S,"Frydenlundsvej 30B,, 2950 Vedbæk",Investment firm,549300UVCT3JFFVCYX94,DENMARK,N/A,Asset Manager,N/A,N/A,N/A
"FORMUE- & INVESTERINGSPLEJE A/S\, FONDSMÆGLERSELSKAB","Tjærebyvej 9D,, 4000 Roskilde",Investment firm,549300LQ0ICT0TCPEZ41,DENMARK,#N/A,#N/A,N/A,N/A,N/A
Direct Hedge Danmark Fondsmæglerselskab A/S,"c/oRegus Copenhagen, Fuglevangsvej 11,, 1962 Frederiksberg C",Investment firm,2138007H69HEVCPUYA90,DENMARK,N/A,Asset Manager,N/A,N/A,N/A
PenSam Bank A/S,"Jørgen Knudsens Vej 2,, 3520 Farum",Investment firm,5493002YVPVDZH16DX62,DENMARK,www.pensam.dk,Wealth Manager,N/A,N/A,N/A
Finanshuset i Fredensborg A/S,"Jernbanegade 34D,, 3480 Fredensborg",Investment firm,,DENMARK,N/A,Wealth Manager,N/A,N/A,N/A
FormueFyn Fondsmæglerselskab A/S,"Langesøvej 153,, 5462 Morud",Investment firm,549300ESIOOG35KL3Z57,DENMARK,N/A,Wealth Manager,N/A,N/A,N/A
Rise Sparekasse,"St. Rise Landevej 10,, 5970 Ærøskøbing",Investment firm,213800MLL4APN9UP1J53,DENMARK,www.risespar.dk,Wealth Manager,N/A,N/A,Local Savings Bank 2
Dragsholm Sparekasse,"Asnæs Centret 23,, 4550 Asnæs",Investment firm,5299005743YY767PR386,DENMARK,www.dragsholm-sparekasse.dk,Wealth Manager,N/A,N/A,Local Savings Bank 2
Middelfart Sparekasse,"Havnegade 21,, 5500 Middelfart",Investment firm,213800GO21RWIB6O9Q29,DENMARK,www.middelfart-sparekasse.dk,Wealth Manager,N/A,N/A,Local Savings Bank 2
Frørup Andelskasse,"Sportsvænget 2,, 5871 Frørup",Investment firm,549300UN6U9Q1BBRSS43,DENMARK,www.froerup-andelskasse.dk,Wealth Manager,N/A,N/A,Cooperative Bank 2
Fynske Bank A/S,"Centrumpladsen 19,, 5700 Svendborg",Investment firm,213800JF3JFF6MMR2P36,DENMARK,www.fynskebank.dk,Wealth Manager,N/A,N/A,N/A
Lollands Bank A/S,"Nybrogade 3,, 4900 Nakskov",Investment firm,213800RENLNKMWZV8767,DENMARK,www.lollandsbank.dk,Wealth Manager,N/A,N/A,N/A
AKTIV INVEST PARTNER P/S,"Dyssegårdsvej 20,, 4320 Lejre",Investment firm,,DENMARK,N/A,Asset Manager,N/A,N/A,N/A
Hera Family Office ApS,"Krogsbøllevej 2,, 4000 Roskilde",Investment firm,,DENMARK,N/A,Family Office,N/A,N/A,N/A
Fondsmæglerselskabet Agrocura A/S,"Egevej 2,, 6200 Aabenraa",Investment firm,549300EKFJJ8H1ZJYM58,DENMARK,www.agrocura.dk,Wealth Manager,N/A,N/A,N/A
Ringkjøbing Landbobank. Aktieselskab,"Torvet 1,, 6950 Ringkøbing",Investment firm,2138002M5U5K4OUMVV62,DENMARK,www.landbobanken.dk,Wealth Manager,N/A,N/A,N/A
Sparekassen for Nr. Nebel og Omegn,"Bredgade 46,, 6830 Nørre Nebel",Investment firm,213800984CWACNBY8F31,DENMARK,www.sparnebel.dk,Wealth Manager,N/A,N/A,Local Savings Bank 2
Kreditbanken A/S,"H P Hanssens Gade 17,, 6200 Aabenraa",Investment firm,529900AVGYYBVL1VNQ03,DENMARK,www.kreditbanken.dk,Wealth Manager,N/A,N/A,N/A
Sparekassen Bredebro,"Storegade 25,, 6261 Bredebro",Investment firm,213800C78WI8VFJCYR09,DENMARK,www.sparekassen-bredebro.dk,Wealth Manager,N/A,N/A,Local Savings Bank 2
Sydjysk Sparekasse,"Frøsvej 1,, 6630 Rødding",Investment firm,2138007JGI1M5YF7FJ53,DENMARK,www.sydjysk-sparekasse.dk,Wealth Manager,N/A,N/A,Local Savings Bank 2
Faster Andelskasse,"Højevej 18,, 6900 Skjern",Investment firm,549300D6B6F82KM21774,DENMARK,www.faster-andelskasse.dk,Wealth Manager,N/A,N/A,Cooperative Bank 2
Sydbank A/S,"Peberlyk 4,, 6200 Aabenraa",Investment firm,GP5DT10VX1QRQUKVBK64,DENMARK,www.sydbank.dk,Wealth Manager,N/A,N/A,N/A
SAGRO Finans & Formue A/S,"Majsmarken 1,, 7190 Billund",Investment firm,,DENMARK,N/A,Wealth Manager,N/A,N/A,N/A
Fondsmæglerselskabet Strategic Wealth Management A/S,"Østergade 25, 1. tv, 7400 Herning",Investment firm,213800V93BKDKDJT4A80,DENMARK,www.strategicwealth.dk,Wealth Manager,N/A,N/A,N/A
Fondsmæglerselskabet Investering &Tryghed A/S,"Papirfabrikken 26, 1. th, 8600 Silkeborg",Investment firm,549300MMBCS52BOFJW87,DENMARK,www.investeringogtryghed.dk,Wealth Manager,N/A,N/A,N/A
Fondsmæglerselskabet Finans & Formue A/S,"Erhvervsparken 1,, 9700 Brønderslev",Investment firm,,DENMARK,N/A,Wealth Manager,N/A,N/A,N/A
Sønderhå-Hørsted Sparekasse,"Legindvej 86,, 7752 Snedsted",Investment firm,549300IT7UNQ8N8BKN45,DENMARK,www.shsparekasse.dk,Wealth Manager,N/A,N/A,Local Savings Bank 2
Frøslev-Mollerup Sparekasse,"Vestergade 7,, 7900 Nykøbing M",Investment firm,549300DGZH8X7JHYXQ58,DENMARK,www.fmsparekasse.dk,Wealth Manager,N/A,N/A,Local Savings Bank 2
Danske Andelskassers Bank A/S,"Baneskellet 1,, 8830 Tjele",Investment firm,549300JECLPX13NZLU57,DENMARK,www.danskebank.dk,Wealth Manager,N/A,N/A,N/A
Borbjerg Sparekasse,"Bukdalvej 5,, 7500 Holstebro",Investment firm,213800UK7516IBWZO445,DENMARK,www.borbjergsparekasse.dk,Wealth Manager,N/A,N/A,Local Savings Bank 2
Jyske Bank A/S,"Vestergade 8-16,, 8600 Silkeborg",Investment firm,3M5E1GQGKL17HI6CPN30,DENMARK,www.jyskebank.dk,Wealth Manager,N/A,N/A,N/A
Djurslands Bank A/S,"Torvet 5,, 8500 Grenaa",Investment firm,5299005QIT19WQ32N972,DENMARK,www.djurslandsbank.dk,Wealth Manager,N/A,N/A,N/A
Stonehenge Fondsmæglerselskab A/S,"Rugaardsvej 5, 1., 8680 Ry",Investment firm,549300HLJIN14IQZK226,DENMARK,N/A,Asset Manager,N/A,N/A,N/A
Sparekassen Kronjylland,"Tronholmen 1,, 8960 Randers SØ",Investment firm,529900J35NSHS856UA68,DENMARK,www.sparkron.dk,Wealth Manager,N/A,N/A,Local Savings Bank 2
Spar Nord Bank A/S,"Skelagervej 15,, 9000 Aalborg",Investment firm,549300DHT635Q5P8J715,DENMARK,www.sparnord.dk,Wealth Manager,N/A,N/A,N/A
Sparekassen Danmark,"Østergade 15,, 9760 Vrå",Investment firm,549300L1IEXJYJ2NUV45,DENMARK,www.sparekassendanmark.dk,Wealth Manager,N/A,N/A,Local Savings Bank 2
Klim Sparekasse,"Oddevej 25,, 9690 Fjerritslev",Investment firm,5493006H271VXJ44NU66,DENMARK,www.klimsparekasse.dk,Wealth Manager,N/A,N/A,Local Savings Bank 2
Kapitalforvaltning Nord A/S,"Østre Havnepromenade 26, 2. tv, 9000 Aalborg",Investment firm,,DENMARK,N/A,Asset Manager,N/A,N/A,N/A
Beierholm Finansiel Rådgivning Partnerselskab,"Langagervej 1,, 9220 Aalborg Øst",Investment firm,,DENMARK,N/A,Wealth Manager,N/A,N/A,N/A
Aktierådet A/S,"c/oAllan Thestrup, Vestgrønningen 3,, 2791 Dragør",Investment firm,,DENMARK,N/A,Wealth Manager,N/A,N/A,N/A
Formue & Pension,"c/oPeter Ma, Nattergalevej 46,, 8464 Galten",Investment firm,,DENMARK,N/A,Wealth Manager,N/A,N/A,N/A
Schmiegelow Fondsmæglerselskab A/S,"Kronprinsessegade 26, st., 1306 København K",Investment firm,213800ZGF6JFK2WJCG74,DENMARK,N/A,Wealth Manager,N/A,N/A,N/A
Møns Bank A/S,"Storegade 29,, 4780 Stege",Investment firm,213800BGF1TQB5M6PH65,DENMARK,www.moensbank.dk,Wealth Manager,N/A,N/A,N/A
Asset Allocation Instituttet v/Peter Reedtz,"Ehlersvej 7,, 2900 Hellerup",Investment firm,,DENMARK,N/A,Asset Manager,N/A,N/A,N/A
Jacobsgaard Investment Advisory ApS,"Svalegabet 8B,, 2850 Nærum",Investment firm,,DENMARK,N/A,Wealth Manager,N/A,N/A,N/A
LUNDGREEN´S CAPITAL A/S,"Nørregade 6,, 1165 København K",Investment firm,,DENMARK,N/A,Asset Manager,N/A,N/A,N/A
Thylander A/S,"Bredgade 40, 3., 1260 København K",Investment firm,,DENMARK,www.thylander.dk,Wealth Manager,N/A,N/A,N/A
Aktieselskabet Arbejdernes Landsbank,"Vesterbrogade 5,, 1620 København V",Investment firm,549300D6BJ7XOO03RR69,DENMARK,www.al-bank.dk,Wealth Manager,N/A,N/A,N/A
Vestjysk Bank A/S,"Industrivej Syd 13C,, 7400 Herning",Investment firm,549300B65M1U9FENOW23,DENMARK,www.vestjyskbank.dk,Wealth Manager,N/A,N/A,N/A
North-East Family Office Fondsmæglerselskab A/S,"Vestagervej 17,, 2900 Hellerup",Investment firm,213800BJKEWADDO36L55,DENMARK,N/A,Family Office,N/A,N/A,N/A
Tiedemann Independent A/S,"Vimmelskaftet 48,, 1161 København K",Investment firm,,DENMARK,www.tiedemann.dk,Wealth Manager,N/A,N/A,N/A
Nykredit Portefølje Administration A/S,"Sundkrogsgade 25,, 2150 Nordhavn",Investment firm,549300TXHR8EXREN0P22,DENMARK,www.nykredit.dk,Asset Manager,N/A,N/A,Part of Nykredit Group 2
Heering Wealth Management ApS,"Gydevang 39-41,, 3450 Allerød",Investment firm,,DENMARK,N/A,Wealth Manager,N/A,N/A,N/A
Formuepleje A/S,"Værkmestergade 25,, 8000 Aarhus C",Investment firm,549300EPLIBR3F7WZ476,DENMARK,www.formuepleje.dk,Wealth Manager,N/A,N/A,N/A
DLR Kredit A/S,"Nyropsgade 17,, 1602 København V",Investment firm,529900PR2ELW8QI1B775,DENMARK,www.dlr.dk,Wealth Manager,N/A,N/A,N/A
Langes Investeringsrådgivning v/Søren Lange Andersen,"Funder Skovvej 69,, 8600 Silkeborg",Investment firm,,DENMARK,N/A,Wealth Manager,N/A,N/A,N/A
Fondsmæglerselskabet Marselis A/S,"Fredericiagade 23, 1., 8000 Aarhus C",Investment firm,5299000RWD2J46DMCW33,DENMARK,www.marselis.dk,Asset Manager,N/A,N/A,N/A
Linde & Partners Kapitalrådgivning A/S,"Kong Christians Alle 53,, 9000 Aalborg",Investment firm,,DENMARK,N/A,Wealth Manager,N/A,N/A,N/A
Dyrberg Invest ApS,"c/oMads Dyrberg, Emiliedalsvej 225,, 8270 Højbjerg",Investment firm,,DENMARK,N/A,Wealth Manager,N/A,N/A,N/A
Saxo Bank A/S,"Philip Heymans Alle 15,, 2900 Hellerup",Investment firm,549300TL5406IC1XKD09,DENMARK,www.home.saxo,Wealth Manager,N/A,N/A,Global Broker/Bank 2
Finansoptimering ApS,"c/oJesper Olesen, Lobovej 11,, 9230 Svenstrup J",Investment firm,,DENMARK,N/A,Wealth Manager,N/A,N/A,N/A
Capital Four AIFM A/S,"c/oCapital Four Management Fondsmæglerselsk, Per Henrik Lings Allé 2, 8., 2100 København Ø",Investment firm,213800BAVAE4RB7YMN93,DENMARK,www.capital-four.com,Asset Manager,N/A,N/A,N/A
Nykredit Realkredit A/S,"Kalvebrod Brygge 1-3,, 1560 København V",Investment firm,LIU16F6VZJSD6UKHD557,DENMARK,www.nykredit.dk,Wealth Manager,N/A,N/A,Mortgage/Realkredit 2
Jyske Realkredit A/S,"Klampenborgvej 205,, 2800 Kongens Lyngby",Investment firm,529900R9HQNZRT2OXB26,DENMARK,www.jyskerealkredit.dk,Wealth Manager,N/A,N/A,Mortgage/Realkredit 2
Realkredit Danmark A/S,"Bernstorffsgade 40,, 1577 København V",Investment firm,549300NLOMBOWE943Y30,DENMARK,www.rd.dk,Wealth Manager,N/A,N/A,Mortgage/Realkredit 2
TOTALKREDIT A/S,"Sundkrogsgade 25,, 2150 Nordhavn",Investment firm,5493001HO6SLV413ZC45,DENMARK,www.totalkredit.dk,Wealth Manager,N/A,N/A,Mortgage/Realkredit 2
Asgard Asset Management A/S,"Palægade 8, 2., 1261 København K",Investment firm,,DENMARK,www.asgard-am.com,Asset Manager,N/A,N/A,N/A
Sparekassen Sjælland-Fyn A/S,"Isefjords Alle 5,, 4300 Holbæk",Investment firm,5493002DPKDEC2JN1Y86,DENMARK,www.spksjf.dk,Wealth Manager,N/A,N/A,Local Savings Bank 2
Fondsmæglerselskabet CABA Capital A/S,"Toldbodgade 55B, 3., 1253 København K",Investment firm,549300HILDP7V4JXO441,DENMARK,N/A,Asset Manager,N/A,N/A,N/A
Jentzen & Partners ApS,"Dronninggårds Alle 136,, 2840 Holte",Investment firm,,DENMARK,N/A,Wealth Manager,N/A,N/A,N/A
Garda Capital Partners Copenhagen Fondsmæglerselskab A/S,"Havnegade 25, st., 1058 København K",Investment firm,549300ZXYXP7E88KB815,DENMARK,N/A,Asset Manager,N/A,N/A,N/A
METIS Family Office A/S,"Christian IX's Gade 10, 4. th, 1111 København K",Investment firm,,DENMARK,N/A,Family Office,N/A,N/A,N/A
DEAS Fund Management DK A/S,"c/oDEAS Asset Management A/S, Vestergade 29, 3., 1456 København K",Investment firm,,DENMARK,www.deas.dk,Asset Manager,N/A,N/A,N/A
Obton Forvaltning A/S,"c/oObton A/S, Kristine Nielsens Gade 5,, 8000 Aarhus C",Investment firm,,DENMARK,www.obton.com,Asset Manager,N/A,N/A,N/A
Frederiksberg Finansanalyse ApS,"c/oHanne Roj-Larsen, Kronprinsensvej 18,, 2000 Frederiksberg",Investment firm,,DENMARK,N/A,Wealth Manager,N/A,N/A,N/A
Tinggaard Advisory ApS,"c/oTinggaard Advisory ApS, Galionsvej 74,, 1437 København K",Investment firm,,DENMARK,N/A,Wealth Manager,N/A,N/A,N/A
Fondsmæglerselskab Petersen & Partners Investment Management A/S,"Frydenlundsvej 30,, 2950 Vedbæk",Investment firm,254900RVHKVRMMRK3U68,DENMARK,N/A,Asset Manager,N/A,N/A,N/A
Othania Investeringsrådgivning ApS,"c/oOthania Capital A/S, Dronninggårds Alle 140,, 2840 Holte",Investment firm,,DENMARK,N/A,Wealth Manager,N/A,N/A,N/A
GREAT DANE FUND ADVISORS A/S,"Drejervænget 1,, 5610 Assens",Investment firm,,DENMARK,N/A,Asset Manager,N/A,N/A,N/A
LC Capital Management ApS,"Kikhanebakken 50,, 2840 Holte",Investment firm,,DENMARK,N/A,Asset Manager,N/A,N/A,N/A
Maj Bank A/S,"Gammeltorv 18,, 1457 København K",Investment firm,5493006MHPAV2BNIGO24,DENMARK,www.majbank.dk,Wealth Manager,N/A,N/A,N/A
Integritet Invest ApS,"Ny Vestergade 17, st. tv, 1471 København K",Investment firm,,DENMARK,N/A,Wealth Manager,N/A,N/A,N/A
PF Consult Aalborg ApS,"Bernstorffsgade 12,, 9000 Aalborg",Investment firm,,DENMARK,N/A,Wealth Manager,N/A,N/A,N/A
Falcon Fondsmæglerselskab A/S,"Inge Lehmanns Gade 10,, 8000 Aarhus C",Investment firm,5493001FS6KM00YVUD40,DENMARK,N/A,Asset Manager,N/A,N/A,N/A
DoLand ApS,"c/oCopenhagen FinTech Lab, Applebys Plads 7,, 1411 København K",Investment firm,,DENMARK,www.doland.dk,Robo Advisors,N/A,N/A,Digital investment platform 2
Westergaard Mikkelsen ApS,"Fortunvej 68,, 2920 Charlottenlund",Investment firm,,DENMARK,N/A,Wealth Manager,N/A,N/A,N/A
REIT Adviser ApS,"Malmøgade 3,, 2100 København Ø",Investment firm,,DENMARK,N/A,Wealth Manager,N/A,N/A,N/A
Tryg Invest A/S,"Klausdalsbrovej 601,, 2750 Ballerup",Investment firm,,DENMARK,www.tryg.dk,Insurance,N/A,N/A,Insurance Group Asset Manager 2
Formue- og Investeringsrådgivning ApS,"Spættevej 6,, 6000 Kolding",Investment firm,,DENMARK,N/A,Wealth Manager,N/A,N/A,N/A
Imperium Family Office A/S,"Hovedvagtsgade 6, 4. tv, 1103 København K",Investment firm,,DENMARK,N/A,Family Office,N/A,N/A,N/A
ArthaScope Kapitalforvaltning A/S,"Strandvejen 58, 3., 2900 Hellerup",Investment firm,,DENMARK,www.artha.dk,Wealth Manager,N/A,N/A,N/A
Lunar Bank A/S,"Hack Kampmanns Plads 10,, 8000 Aarhus C",Investment firm,98450084D5AL4091AA36,DENMARK,www.lunar.app,Wealth Manager,N/A,N/A,N/A
Qblue Balanced A/S,"Havnegade 23, st., 1058 København K",Investment firm,,DENMARK,www.qblue.dk,Asset Manager,N/A,N/A,N/A
A/S Global Risk Management Ltd. Fondsmæglerselskab,"Strandvejen 7,, 5500 Middelfart",Investment firm,549300EHJ5P3ZLFVJG41,DENMARK,N/A,Asset Manager,N/A,N/A,N/A
Facit Bank A/S,"Østre Stationsvej 1,, 5000 Odense C",Investment firm,8945000GGOWDIMA4XE72,DENMARK,N/A,Wealth Manager,N/A,N/A,N/A
Kinnerton Credit Management A/S,"Hauser Plads 20, 1., 1127 København K",Investment firm,,DENMARK,N/A,Asset Manager,N/A,N/A,N/A
Symmetry Administration ApS,"c/oAndreas Aaen, Skelbakken 63,, 9320 Hjallerup",Investment firm,,DENMARK,N/A,Wealth Manager,N/A,N/A,N/A
Thygesen Capital A/S,"Applebys Plads 7,, 1411 København K",Investment firm,,DENMARK,N/A,Asset Manager,N/A,N/A,N/A
Jera Capital A/S,"Store Strandstræde 20, 1., 1255 København K",Investment firm,,DENMARK,N/A,Asset Manager,N/A,N/A,N/A
Kenzi Wealth Fondsmæglerselskab A/S,"c/oAugusthus - Woods, Amagerfælledvej 106,, 2300 København S",Investment firm,,DENMARK,N/A,Wealth Manager,N/A,N/A,N/A
Kirk Kapital Fondsmæglerselskab A/S,"Havneøen 1,, 7100 Vejle",Investment firm,5299000OV3AZUVTLDC42,DENMARK,www.kirkkapital.dk,Asset Manager,N/A,N/A,N/A
Panorama Invest ApS,"A.P. Møllers Allé 55,, 2791 Dragør",Investment firm,,DENMARK,N/A,Wealth Manager,N/A,N/A,N/A
LindHauritz ApS,"Store Kongensgade 40H, 3., 1264 København K",Investment firm,,DENMARK,N/A,Wealth Manager,N/A,N/A,N/A
Horizon3 A/S,"Stormgade 50,, 6700 Esbjerg",Investment firm,,DENMARK,N/A,Wealth Manager,N/A,N/A,N/A
Sterna Capital Partners Fondsmæglerselskab A/S,"Rigensgade 11, 2. th, 1316 København K",Investment firm,8945005KX8Q4ABLIT027,DENMARK,N/A,Asset Manager,N/A,N/A,N/A
Nordflint Capital Partners Fondsmæglerselskab A/S,"Scherfigsvej 10,, 2100 København Ø",Investment firm,984500CF75A6CCWD5305,DENMARK,N/A,Asset Manager,N/A,N/A,N/A
SoftCapital Holding ApS,"Gothersgade 21, 2., 1123 København K",Investment firm,,DENMARK,N/A,Asset Manager,N/A,N/A,N/A
Peel Hunt Europe Fondsmæglerselskab A/S,"c/oZieglers Gaard Office Club, Nybrogade 12,, 1203 København K",Investment firm,5493000HTJDGNS98A081,DENMARK,N/A,Wealth Manager,N/A,N/A,N/A
Whitecroft Capital Fondsmæglerselskab A/S,"c/oHenrik Bak, Strandgade 6, 2., 1401 København K",Investment firm,,DENMARK,N/A,Asset Manager,N/A,N/A,N/A
From Capital Advisors ApS,"c/oBertil From, Sponnecksvej 10,, 2820 Gentofte",Investment firm,,DENMARK,N/A,Wealth Manager,N/A,N/A,N/A
Aros Capital Fondsmæglerselskab A/S,"Banegårdspladsen 20, 1. tv, 8000 Aarhus C",Investment firm,25490062OBTSUOSHGU29,DENMARK,N/A,Asset Manager,N/A,N/A,N/A
GC Exchange Fondsmæglerselskab A/S,"Amager Strandvej 390,, 2770 Kastrup",Investment firm,254900B4T0EVTW498S21,DENMARK,N/A,Asset Manager,N/A,N/A,N/A
Prism Financial Products Fondsmæglerselskab A/S,"Højbro Plads 10,, 1200 København K",Investment firm,5493000IZSAJLXT9DW29,DENMARK,N/A,Asset Manager,N/A,N/A,N/A
endavu Fondsmæglerselskab A/S,"Sturlasgade 12B,, 2300 København S",Investment firm,5493000LRDQPSARHTY60,DENMARK,N/A,Asset Manager,N/A,N/A,N/A
Toba Advice A/S,"Store Torv 3C, 2., 8000 Aarhus C",Investment firm,,DENMARK,N/A,Wealth Manager,N/A,N/A,N/A
Tobi ApS,"Skelbækgade 2, 6., 1717 København V",Investment firm,,DENMARK,N/A,Wealth Manager,N/A,N/A,N/A
Freight Investor Services (Denmark) Fondsmæglerselskab A/S,"Bredgade 17, 2., 1260 København K",Investment firm,2138007BBJC6J731JO77,DENMARK,N/A,Wealth Manager,N/A,N/A,N/A
Fondsmæglerselskabet SRV Capital A/S,"c/oCharlottenlund Slot, Jægersborg Alle 1,, 2920 Charlottenlund",Investment firm,549300Y7Q5NOQDDTE165,DENMARK,N/A,Asset Manager,N/A,N/A,N/A
Furesø Kapitalforvaltning ApS,"Virumvej 64,, 2830 Virum",Investment firm,,DENMARK,N/A,Asset Manager,N/A,N/A,N/A
Hemonto Advisory A/S,"Skt. Clemens Torv 8B, 2., 8000 Aarhus C",Investment firm,,DENMARK,N/A,Wealth Manager,N/A,N/A,N/A
NDIIR ApS,"Skåde Højgårdsvej 75,, 8270 Højbjerg",Investment firm,,DENMARK,N/A,Wealth Manager,N/A,N/A,N/A
F.V. Invest ApS,"c/oNELS Holding ApS, Hasseris Bymidte 3, 1., 9000 Aalborg",Investment firm,,DENMARK,N/A,Wealth Manager,N/A,N/A,N/A
Økonomihus.dk ApS,"Vestensborg Alle 59,, 4800 Nykøbing F",Investment firm,,DENMARK,N/A,Wealth Manager,N/A,N/A,N/A
ValRimia Kapitalforvaltning Fondsmæglerselskab A/S,"Grønningen 25, st., 1270 København K",Investment firm,,DENMARK,N/A,Asset Manager,N/A,N/A,N/A
Core Property P/S,"Axeltorv 2N, 4., 1609 København V",Investment firm,,DENMARK,N/A,Asset Manager,N/A,N/A,N/A
Nordic Family Office ApS,"Frederiksberg Alle 18,, 1820 Frederiksberg C",Investment firm,,DENMARK,N/A,Family Office,N/A,N/A,N/A
Stabehl Investment ApS,"Jomfru Ingefreds Vej 28,, 7100 Vejle",Investment firm,,DENMARK,N/A,Wealth Manager,N/A,N/A,N/A
Tordenskjold Invest ApS,"Lundbyesgade 5,, 1771 København V",Investment firm,,DENMARK,N/A,Wealth Manager,N/A,N/A,N/A
UVILDIGRAAD.DK ApS,"Rustenborgvej 7A,, 2800 Kongens Lyngby",Investment firm,,DENMARK,N/A,Wealth Manager,N/A,N/A,N/A
FINANSPLAN ApS,"Krakasvej 17,, 3400 Hillerød",Investment firm,,DENMARK,N/A,Wealth Manager,N/A,N/A,N/A
DitFinanshus ApS,"Stadionvej 17,, 9760 Vrå",Investment firm,,DENMARK,N/A,Wealth Manager,N/A,N/A,N/A
Alphadyne Asset Management Fondsmæglerselskab (Europe) A/S,"c/oNordic Compliance Services A/S, Hack Kampmanns Plads 2,, 8000 Aarhus C",Investment firm,,DENMARK,N/A,Asset Manager,N/A,N/A,N/A
Fondsmæglerselskabet Carbonwise A/S,"Hans Bekkevolds Alle 7,, 2900 Hellerup",Investment firm,,DENMARK,N/A,Asset Manager,N/A,N/A,N/A
St. Petri Capital A/S,"Sankt Peders Stræde 10, kl. th, 1453 København K",Investment firm,,DENMARK,N/A,Asset Manager,N/A,N/A,N/A
GLOBAL HEALTH INVEST ApS,"Hvidegårdsparken 36,, 2800 Kongens Lyngby",Investment firm,,DENMARK,N/A,Asset Manager,N/A,N/A,N/A
In Regno Family Office ApS,"Lautrupsgade 13,, 2100 København Ø",Investment firm,,DENMARK,N/A,Family Office,N/A,N/A,N/A
Kold Investments ApS,"Pakhusvej 10, 12. th, 2100 København Ø",Investment firm,,DENMARK,N/A,Wealth Manager,N/A,N/A,N/A
NCI Advisory A/S,"Annexstræde 6, st., 2500 Valby",Investment firm,,DENMARK,N/A,Wealth Manager,N/A,N/A,N/A
AyCap A/S,"Hørbakken 5,, 8382 Hinnerup",Investment firm,,DENMARK,N/A,Asset Manager,N/A,N/A,N/A
Balyasny Asset Management (Europe) Fondsmæglerselskab A/S,"c/oTMF Denmark A/S, H.C. Andersens Boulevard 38, 3. th, 1553 København V",Investment firm,,DENMARK,N/A,Asset Manager,N/A,N/A,N/A
Pluto.markets Fondsmæglerselskab A/S,"Kronprinsensgade 3, 2., 1114 København K",Investment firm,,DENMARK,N/A,Wealth Manager,N/A,N/A,N/A
Redwheel Europe Fondsmæglerselskab A/S,"c/oRegus, Havnegade 39,, 1058 København K",Investment firm,,DENMARK,N/A,Asset Manager,N/A,N/A,N/A
Fondsmæglerselskab Hafnium Investment A/S,"Bredgade 6,, 1260 København K",Investment firm,,DENMARK,N/A,Asset Manager,N/A,N/A,N/A
Maigaard & Molbech Family Office K/S,"c/oMaigaard & Molbech ApS, Amaliegade 22, 1., 1256 København K",Investment firm,,DENMARK,N/A,Family Office,N/A,N/A,N/A
Heimdal Wealth Planning,"c/oRasmus Zander Iversen, Bakkevej 18,, 3500 Værløse",Investment firm,,DENMARK,N/A,Wealth Manager,N/A,N/A,N/A
Fritz Nielsen Consulting ApS,"Elmehaven 14,, 8520 Lystrup",Investment firm,,DENMARK,N/A,Wealth Manager,N/A,N/A,N/A
TBD Capital ApS,"Spinderigade 24,, 7100 Vejle",Investment firm,,DENMARK,N/A,Asset Manager,N/A,N/A,N/A
YardHouse Capital Group Fondsmæglerselskab A/S,"Knud Kristensens Gade 47,, 2300 København S",Investment firm,,DENMARK,N/A,Asset Manager,N/A,N/A,N/A
Keystone Capital Management ApS,"Rørvigvej 72,, 4500 Nykøbing Sj",Investment firm,,DENMARK,N/A,Asset Manager,N/A,N/A,N/A
Fair Oaks Capital (EU) ApS,"Hvesager 113,, 7300 Jelling",Investment firm,,DENMARK,N/A,Asset Manager,N/A,N/A,N/A
Bofinans Fredericia ApS,"Vesterballevej 5,, 7000 Fredericia",Investment firm,,DENMARK,N/A,Wealth Manager,N/A,N/A,N/A
DANSKE BANK NUF,Holmens Kanal 2-12 København K,Investment firm,,DENMARK,www.danskebank.no,Wealth Manager,N/A,N/A,Norwegian branch of Danske Bank 2